"uri","cluster","cluster_label","duplicate_mapping_status","like_count","repost_count","reply_count","quote_count","total_engagement"
"at://did:plc:ewv4pvinv7y7odakprg3w4g5/app.bsky.feed.post/3mwfmkkybic23",6,"Cluster 6","canonical_unique_text",0,0,0,0,0
"at://did:plc:erzpfwd44ztkn3nnihbddinh/app.bsky.feed.post/3mwfmjtnd5c2d",7,"Cluster 7","canonical_unique_text",0,0,0,0,0
"at://did:plc:j4rqpa3kfsufufl7ywkbfju3/app.bsky.feed.post/3mwfmgfjzh22z",1,"Cluster 1","canonical_unique_text",0,0,0,0,0
"at://did:plc:yv4axvcwrqrlyjbtk4v6poi7/app.bsky.feed.post/3mwfmdgcjxb2l",6,"Cluster 6","canonical_unique_text",0,0,0,0,0
"at://did:plc:l7z7mvc2gjsaa7cgm63uh5cp/app.bsky.feed.post/3mwfmbkxaex24",6,"Cluster 6","canonical_unique_text",0,0,0,0,0
"at://did:plc:7dj7z7xj6m4pdulf65zmxnxq/app.bsky.feed.post/3mwfmaizlok2v",6,"Cluster 6","canonical_unique_text",0,0,0,0,0
"at://did:plc:lr5vz5rua6p2vvovmjdh5gcz/app.bsky.feed.post/3mwfm7or7tx24",7,"Cluster 7","canonical_unique_text",0,0,0,0,0
"at://did:plc:pqspyhvkx5lc7kdvef7yld6f/app.bsky.feed.post/3mwfm5gaf4c2o",4,"Cluster 4","canonical_unique_text",1,0,1,0,2
"at://did:plc:5vmtthhzfl73ym2nam6ckvv3/app.bsky.feed.post/3mwfm2xdops2m",6,"Cluster 6","canonical_unique_text",0,0,0,0,0
"at://did:plc:mixdef3ii3valysmar4uhuln/app.bsky.feed.post/3mwfm26oevt26",1,"Cluster 1","canonical_unique_text",0,0,0,0,0
"at://did:plc:agiex7zg5lulytsxulmalrgz/app.bsky.feed.post/3mwflg4vk722g",6,"Cluster 6","canonical_unique_text",11,4,4,0,19
"at://did:plc:tnfqyyktoyszfco5lcxnyiax/app.bsky.feed.post/3mwflbwuas223",1,"Cluster 1","canonical_unique_text",0,0,0,0,0
"at://did:plc:7bt3pwkn3fedmrmuoj2qbfqa/app.bsky.feed.post/3mwflasdrwz2t",6,"Cluster 6","canonical_unique_text",0,0,0,0,0
"at://did:plc:ki34becxu3kbr4cd4bcactw7/app.bsky.feed.post/3mwfl24zh2z2r",6,"Cluster 6","canonical_unique_text",0,0,0,0,0
"at://did:plc:qqwajpoajpdtfl7wlkklv2ig/app.bsky.feed.post/3mwfkyobuns2f",6,"Cluster 6","canonical_unique_text",0,0,0,0,0
"at://did:plc:dgeaio6k5oz6biissbvvcswe/app.bsky.feed.post/3mwfkymlmmu2s",6,"Cluster 6","mapped_duplicate_text",0,0,0,0,0
"at://did:plc:63tykxeel2fnec6pq4bndeuq/app.bsky.feed.post/3mwfkykzzfp2i",6,"Cluster 6","mapped_duplicate_text",0,0,0,0,0
"at://did:plc:htvpbyxlfhkxs5bi2v7x4mjm/app.bsky.feed.post/3mwfknpg6wl2d",6,"Cluster 6","canonical_unique_text",0,0,0,0,0
"at://did:plc:hhiurqyej6ddketxukpod75o/app.bsky.feed.post/3mwfknhqy622k",7,"Cluster 7","canonical_unique_text",0,0,0,0,0
"at://did:plc:wcgbb35w2zjdq4gg42qjqqn3/app.bsky.feed.post/3mwfkee7dqr2o",1,"Cluster 1","canonical_unique_text",0,0,0,0,0
"at://did:plc:pyuzar2iv2btnwtoemgvo2fl/app.bsky.feed.post/3mwfk7kb3fc2v",1,"Cluster 1","canonical_unique_text",0,0,0,0,0
"at://did:plc:6wbuez5fdmke5mbvasgza7k6/app.bsky.feed.post/3mwfk2uun3c2e",6,"Cluster 6","canonical_unique_text",0,0,0,0,0
"at://did:plc:hhiurqyej6ddketxukpod75o/app.bsky.feed.post/3mwfjyx5lvs2k",6,"Cluster 6","canonical_unique_text",0,0,0,0,0
"at://did:plc:llyib2qojznvswvelaiakjfp/app.bsky.feed.post/3mwfjytrz3d2n",6,"Cluster 6","canonical_unique_text",0,0,1,0,1
"at://did:plc:tpc42zt2y25vzh4a2djx5tvo/app.bsky.feed.post/3mwfjy5qbyo2n",6,"Cluster 6","canonical_unique_text",0,0,1,0,1
"at://did:plc:lc6hdhnjkgccd6ysi7e23pll/app.bsky.feed.post/3mwfjsltbib26",1,"Cluster 1","canonical_unique_text",0,0,0,0,0
"at://did:plc:l5gupr4kifwasjek7vblnoy2/app.bsky.feed.post/3mwfixssrrk23",1,"Cluster 1","canonical_unique_text",0,0,0,0,0
"at://did:plc:qobvnkudcv3zlaklxxjduqoi/app.bsky.feed.post/3mwfiufkrru2a",6,"Cluster 6","canonical_unique_text",106,39,1,1,147
"at://did:plc:qteqxjfjmtxkg3uxqoitqgrm/app.bsky.feed.post/3mwfirseq5s2r",6,"Cluster 6","canonical_unique_text",0,0,0,0,0
"at://did:plc:yjl4khjesj4wf4suu4le6uib/app.bsky.feed.post/3mwfij3yxdc2d",1,"Cluster 1","canonical_unique_text",1,0,0,0,1
"at://did:plc:2vrd54x5nmmavpmlfkmav2yr/app.bsky.feed.post/3mwfidxtkl22o",1,"Cluster 1","canonical_unique_text",0,0,0,0,0
"at://did:plc:elcepvr65b7rymlyk4avyktc/app.bsky.feed.post/3mwfibcke3v27",7,"Cluster 7","canonical_unique_text",0,1,1,0,2
"at://did:plc:wcgbb35w2zjdq4gg42qjqqn3/app.bsky.feed.post/3mwfi7d7wlx2z",1,"Cluster 1","canonical_unique_text",0,0,0,0,0
"at://did:plc:m2rhzyb4ihbylrrfy7hlsf3s/app.bsky.feed.post/3mwfi5xuj7v2d",6,"Cluster 6","canonical_unique_text",0,0,1,0,1
"at://did:plc:lc6hdhnjkgccd6ysi7e23pll/app.bsky.feed.post/3mwfhzbifaz2e",1,"Cluster 1","canonical_unique_text",0,0,0,0,0
"at://did:plc:rddeinqb45gzem3n3zyma7im/app.bsky.feed.post/3mwfhq3l6ta2l",7,"Cluster 7","canonical_unique_text",16,3,2,1,22
"at://did:plc:6e7cxhxglilvix2mtpnw24ce/app.bsky.feed.post/3mwfho4nbfc2c",6,"Cluster 6","canonical_unique_text",0,0,0,0,0
"at://did:plc:mhqnbglrgmwiuz3kgexbi7uf/app.bsky.feed.post/3mwfhjjaf6e2q",6,"Cluster 6","canonical_unique_text",0,0,0,0,0
"at://did:plc:i6zjfw3lyxpdunwkdgwamfc4/app.bsky.feed.post/3mwfhhv2jci24",7,"Cluster 7","canonical_unique_text",0,0,0,0,0
"at://did:plc:6nxrl3vwfoi5q4u2cxe7vnge/app.bsky.feed.post/3mwfhhtdsfu2t",7,"Cluster 7","mapped_duplicate_text",0,0,0,0,0
"at://did:plc:fmv3hh3ifidbdrqaqaua3fxt/app.bsky.feed.post/3mwfhhmqocs2h",7,"Cluster 7","mapped_duplicate_text",0,0,0,0,0
"at://did:plc:hgtggvtniq3cfadktplxvykh/app.bsky.feed.post/3mwfhhjitsm2p",7,"Cluster 7","mapped_duplicate_text",0,0,0,0,0
"at://did:plc:6iumtlucr4oijgc47s2erzd4/app.bsky.feed.post/3mwfhhhsnqs2d",7,"Cluster 7","mapped_duplicate_text",0,0,0,0,0
"at://did:plc:745u3uqfqpsjlbeflvrzjhty/app.bsky.feed.post/3mwfhhgcrl22u",7,"Cluster 7","mapped_duplicate_text",1,0,1,0,2
"at://did:plc:xe4dbsbfzldkzzqgfs2646l3/app.bsky.feed.post/3mwfhhepfnp2x",7,"Cluster 7","mapped_duplicate_text",0,0,0,0,0
"at://did:plc:jghna2yhh7qvsihzd32csr57/app.bsky.feed.post/3mwfhhd6qx62a",7,"Cluster 7","mapped_duplicate_text",0,0,0,0,0
"at://did:plc:lc6hdhnjkgccd6ysi7e23pll/app.bsky.feed.post/3mwfhggi5sd2q",7,"Cluster 7","canonical_unique_text",0,0,0,0,0
"at://did:plc:bx5jnxviszkv6uqnrfhjfbjv/app.bsky.feed.post/3mwfhdoci2s2k",6,"Cluster 6","canonical_unique_text",0,0,0,0,0
"at://did:plc:uewxgchsjy4kmtu7dcxa77us/app.bsky.feed.post/3mwfh6zirw22q",6,"Cluster 6","canonical_unique_text",10,8,9,8,35
"at://did:plc:gqq4gvxu4ms3ha6by2qnf3gp/app.bsky.feed.post/3mwfh6u2aek2l",1,"Cluster 1","canonical_unique_text",0,0,0,0,0
"at://did:plc:xvo7gsaojuuuxc6rlw374pls/app.bsky.feed.post/3mwfh67rckc2j",1,"Cluster 1","canonical_unique_text",0,0,1,0,1
"at://did:plc:xvo7gsaojuuuxc6rlw374pls/app.bsky.feed.post/3mwfh66zeto2x",1,"Cluster 1","canonical_unique_text",0,0,1,0,1
"at://did:plc:iicfwrqhdulxk4s6gqu6ytm7/app.bsky.feed.post/3mwfh3n3nds2u",6,"Cluster 6","canonical_unique_text",0,0,1,0,1
"at://did:plc:l2zxeqy45zdkj5itkfrxab5t/app.bsky.feed.post/3mwfgynwf422y",7,"Cluster 7","canonical_unique_text",0,0,0,0,0
"at://did:plc:yw6rtd44qq4m3cv4fpajj3xw/app.bsky.feed.post/3mwfgvi2ctk2l",1,"Cluster 1","canonical_unique_text",2,1,1,0,4
"at://did:plc:7aq47t4wcnti4ouyz66lap5e/app.bsky.feed.post/3mwfgqrjae22d",1,"Cluster 1","canonical_unique_text",1,0,0,0,1
"at://did:plc:y4u5di5ouvcjxykqmxcalyg2/app.bsky.feed.post/3mwfgq7alek2j",1,"Cluster 1","canonical_unique_text",0,0,0,0,0
"at://did:plc:mvw7btcxe6jgznss25lcmus7/app.bsky.feed.post/3mwfgldavxs2w",7,"Cluster 7","canonical_unique_text",0,0,0,0,0
"at://did:plc:qvkg3efr6wtd5wujus6tee7h/app.bsky.feed.post/3mwfgkiyej22j",7,"Cluster 7","canonical_unique_text",0,0,0,0,0
"at://did:plc:lc6hdhnjkgccd6ysi7e23pll/app.bsky.feed.post/3mwfgichgjc2s",1,"Cluster 1","canonical_unique_text",0,0,0,0,0
"at://did:plc:vr2n2ilztnq2wtpizc7p5lz6/app.bsky.feed.post/3mwfgi2s4ak22",6,"Cluster 6","canonical_unique_text",0,0,0,0,0
"at://did:plc:dh54hguan5ec5nf4nprkd5px/app.bsky.feed.post/3mwfgiduwyx22",6,"Cluster 6","canonical_unique_text",0,0,0,0,0
"at://did:plc:2k6avu5mrlxqqwsfceza2g3w/app.bsky.feed.post/3mwfgicfm2222",6,"Cluster 6","mapped_duplicate_text",0,0,0,0,0
"at://did:plc:qqwajpoajpdtfl7wlkklv2ig/app.bsky.feed.post/3mwfg6wqkhf2u",6,"Cluster 6","canonical_unique_text",0,0,0,0,0
"at://did:plc:dgeaio6k5oz6biissbvvcswe/app.bsky.feed.post/3mwfg6uznlt2d",6,"Cluster 6","mapped_duplicate_text",0,0,0,0,0
"at://did:plc:63tykxeel2fnec6pq4bndeuq/app.bsky.feed.post/3mwfg6tfvqy2d",6,"Cluster 6","mapped_duplicate_text",0,0,0,0,0
"at://did:plc:auk4xklydfg2s6o6olr2pyus/app.bsky.feed.post/3mwfg6qdse32i",7,"Cluster 7","canonical_unique_text",0,0,0,0,0
"at://did:plc:oke5nz5jn666qgfqyambysv6/app.bsky.feed.post/3mwfg6josc42m",1,"Cluster 1","canonical_unique_text",1,1,0,0,2
"at://did:plc:lc6hdhnjkgccd6ysi7e23pll/app.bsky.feed.post/3mwfg2vyfkw2b",6,"Cluster 6","canonical_unique_text",0,0,0,0,0
"at://did:plc:j4rqpa3kfsufufl7ywkbfju3/app.bsky.feed.post/3mwffpvibcw2r",1,"Cluster 1","canonical_unique_text",0,0,0,0,0
"at://did:plc:f4rjexjtnxubk6zkzslbrzxa/app.bsky.feed.post/3mwffoydv4k2q",1,"Cluster 1","canonical_unique_text",0,0,0,0,0
"at://did:plc:mvw7btcxe6jgznss25lcmus7/app.bsky.feed.post/3mwffnpsijc2s",1,"Cluster 1","canonical_unique_text",0,0,0,0,0
"at://did:plc:iej4xiqjaimfv4z57tl4wodc/app.bsky.feed.post/3mwffnfloj22w",1,"Cluster 1","canonical_unique_text",0,0,0,0,0
"at://did:plc:ufsxy4bt5nrqvawpextmpwrg/app.bsky.feed.post/3mwffjbdu7z2l",6,"Cluster 6","canonical_unique_text",0,0,0,0,0
"at://did:plc:od4kq2fmyc6262r6nwg2ulc4/app.bsky.feed.post/3mwffibta6c2b",6,"Cluster 6","canonical_unique_text",0,0,0,0,0
"at://did:plc:tpc42zt2y25vzh4a2djx5tvo/app.bsky.feed.post/3mwffh5omu32v",1,"Cluster 1","canonical_unique_text",0,0,1,0,1
"at://did:plc:g5z4i2dtkdanto6rfbke4t5l/app.bsky.feed.post/2xbzka5jcg422",6,"Cluster 6","canonical_unique_text",0,0,1,0,1
"at://did:plc:3ohd5nodgvayjdegkhzayr6q/app.bsky.feed.post/3mwffehx4hk2n",6,"Cluster 6","canonical_unique_text",20,0,1,0,21
"at://did:plc:x2nmgyxjqnv7zjsi2mr6uuul/app.bsky.feed.post/3mwffa4ulhs2f",1,"Cluster 1","canonical_unique_text",0,0,0,0,0
"at://did:plc:lc6hdhnjkgccd6ysi7e23pll/app.bsky.feed.post/3mwff6536xw2v",1,"Cluster 1","canonical_unique_text",1,1,0,0,2
"at://did:plc:x2nmgyxjqnv7zjsi2mr6uuul/app.bsky.feed.post/3mwff4rmvyk2f",1,"Cluster 1","canonical_unique_text",0,0,0,0,0
"at://did:plc:3s52uzpjh236okih4cogzcov/app.bsky.feed.post/3mwff2g3ogn2y",6,"Cluster 6","canonical_unique_text",0,0,0,0,0
"at://did:plc:5lfgdslvkgl6swnj36dosno7/app.bsky.feed.post/3mwff243lbc24",1,"Cluster 1","canonical_unique_text",1,0,1,0,2
"at://did:plc:3yehwdscxdnxsrbc5iqvpdhv/app.bsky.feed.post/3mwfej3lps22y",7,"Cluster 7","canonical_unique_text",0,0,0,0,0
"at://did:plc:7bt3pwkn3fedmrmuoj2qbfqa/app.bsky.feed.post/3mwfeh3roel2o",1,"Cluster 1","canonical_unique_text",0,0,0,0,0
"at://did:plc:i3pgtvupdbs4vw4oly5okv5v/app.bsky.feed.post/3mwfec5pax22e",1,"Cluster 1","canonical_unique_text",0,0,0,0,0
"at://did:plc:6jaeoza3mhpyj7dy3fxdbmcv/app.bsky.feed.post/3mwfe6asfjs2r",6,"Cluster 6","canonical_unique_text",0,0,0,0,0
"at://did:plc:blcdh3lhx36qom4pvdth344u/app.bsky.feed.post/3mwfdx6zm6c24",6,"Cluster 6","canonical_unique_text",0,0,0,0,0
"at://did:plc:lc6hdhnjkgccd6ysi7e23pll/app.bsky.feed.post/3mwfdtxdtxj2b",1,"Cluster 1","canonical_unique_text",0,0,0,0,0
"at://did:plc:png5hvcvf776kmzreit5ayyi/app.bsky.feed.post/3mwfdrtdcs227",6,"Cluster 6","canonical_unique_text",0,0,1,0,1
"at://did:plc:pnttlnigj5skpizv6vvpbs5h/app.bsky.feed.post/3mwfdnuc3us2n",6,"Cluster 6","canonical_unique_text",1,1,0,0,2
"at://did:plc:ep5m5pebexcboy3gczneldrb/app.bsky.feed.post/3mwfdjdzcugu2",4,"Cluster 4","canonical_unique_text",0,1,0,0,1
"at://did:plc:drjhqd2pxjbszegcpqirtmx3/app.bsky.feed.post/3mwfdgmbhyc2v",6,"Cluster 6","canonical_unique_text",0,0,0,0,0
"at://did:plc:xeqi5b6dkkwqyvic6vho2n4f/app.bsky.feed.post/3mwfdeb5acs2l",4,"Cluster 4","canonical_unique_text",0,0,0,0,0
"at://did:plc:4llyqwdqnd6t7ncyvvjzeih7/app.bsky.feed.post/3mwfdborzc22u",1,"Cluster 1","canonical_unique_text",4,0,0,0,4
"at://did:plc:gnmvwraq2ktahom4kyqmzhcw/app.bsky.feed.post/3mwfdaub2cc2g",7,"Cluster 7","canonical_unique_text",3,0,0,0,3
"at://did:plc:elcepvr65b7rymlyk4avyktc/app.bsky.feed.post/3mwfdaeqwgm27",6,"Cluster 6","canonical_unique_text",1,0,0,0,1
"at://did:plc:kbv4bm5hryvrzio3sftcgao5/app.bsky.feed.post/3mwfd4yoke22y",6,"Cluster 6","canonical_unique_text",3,0,0,0,3
"at://did:plc:wgelilqpahjmn3fkgohr4ine/app.bsky.feed.post/3mwfd44ifyr2m",1,"Cluster 1","canonical_unique_text",0,0,0,0,0
"at://did:plc:qjoq6utjdmpelc25lw4afq4l/app.bsky.feed.post/3mwfd3hbrfc2n",7,"Cluster 7","canonical_unique_text",0,0,0,0,0
"at://did:plc:eupalii32r4qbvg5zmf537gz/app.bsky.feed.post/3mwfcyxlzls2p",6,"Cluster 6","canonical_unique_text",1,2,0,0,3
"at://did:plc:yquauhwflfx2bt42amhodx6v/app.bsky.feed.post/3mwfcvywfe22x",6,"Cluster 6","canonical_unique_text",0,0,0,0,0
"at://did:plc:m2yuqynl2cttvi4k5453yegh/app.bsky.feed.post/3mwfcroev3w62",7,"Cluster 7","canonical_unique_text",0,1,0,0,1
"at://did:plc:bgt62gzl3y5ke7b45xi5vkvu/app.bsky.feed.post/3mwfcnwg3tl2u",6,"Cluster 6","canonical_unique_text",0,0,0,0,0
"at://did:plc:gx6vtpsfpfkej6hmh66m7frd/app.bsky.feed.post/3mwfckl2kxk2f",6,"Cluster 6","canonical_unique_text",0,0,0,0,0
"at://did:plc:kqyh2yrvomozn3y7rn2y6656/app.bsky.feed.post/3mwfcenkfas2w",6,"Cluster 6","canonical_unique_text",3,0,0,0,3
"at://did:plc:oiqhndqetva7x6pipe3qlbfp/app.bsky.feed.post/3mwfc65iqzw26",6,"Cluster 6","canonical_unique_text",0,0,0,0,0
"at://did:plc:uewxgchsjy4kmtu7dcxa77us/app.bsky.feed.post/3mwfc5ztbaz2a",1,"Cluster 1","canonical_unique_text",17,10,5,0,32
"at://did:plc:f2ohuunqsxroziiheyrzjmtb/app.bsky.feed.post/3mwfc537woc2y",6,"Cluster 6","canonical_unique_text",0,0,1,0,1
"at://did:plc:flijdq6nzuscczuhvv2lt7bp/app.bsky.feed.post/3mwfc3vqkj42v",7,"Cluster 7","canonical_unique_text",0,0,0,0,0
"at://did:plc:ndiridku6fjpliymq4pi3ag5/app.bsky.feed.post/3mwfc25eqls2l",1,"Cluster 1","canonical_unique_text",1,0,0,0,1
"at://did:plc:cipjabvqkyqv745hl3afk5t5/app.bsky.feed.post/3mwfbzokak22q",7,"Cluster 7","canonical_unique_text",0,0,0,0,0
"at://did:plc:w6ywzmp4mzarlefzs52qado6/app.bsky.feed.post/3mwfbzgbzhk2m",1,"Cluster 1","canonical_unique_text",9,2,0,0,11
"at://did:plc:t3o4nfbk4lq62necw2n35m4f/app.bsky.feed.post/3mwfbyhm3ad2q",6,"Cluster 6","canonical_unique_text",0,0,1,0,1
"at://did:plc:ndlmeb3zwxwnwh3jz3nesg5u/app.bsky.feed.post/3mwfbttr3yc2p",6,"Cluster 6","canonical_unique_text",0,0,0,1,1
"at://did:plc:do46s3u6h22vzu6nogkm4rc7/app.bsky.feed.post/3mwfbpvbcos2r",6,"Cluster 6","canonical_unique_text",1,0,0,0,1
"at://did:plc:mhk6zorq4wzjry7ybwzwdbew/app.bsky.feed.post/3mwfbpeojdk27",6,"Cluster 6","canonical_unique_text",0,0,0,0,0
"at://did:plc:mh26ccqv72ydj6lc4uojt6y3/app.bsky.feed.post/3mwfborfwuk2x",7,"Cluster 7","canonical_unique_text",3,3,1,0,7
"at://did:plc:5alsxyg2nbi5322otfcnfmf5/app.bsky.feed.post/3mwfbmdfalj2v",6,"Cluster 6","canonical_unique_text",0,0,0,0,0
"at://did:plc:nikk5h7avn5tag557r7qzwhg/app.bsky.feed.post/3mwfblfkxty2k",1,"Cluster 1","canonical_unique_text",0,0,0,0,0
"at://did:plc:qq6tpffju3hto3n3p4hrfekm/app.bsky.feed.post/3mwfbld3bgc2n",1,"Cluster 1","canonical_unique_text",0,0,0,0,0
"at://did:plc:do46s3u6h22vzu6nogkm4rc7/app.bsky.feed.post/3mwfbkuqui22r",6,"Cluster 6","mapped_duplicate_text",3,2,1,0,6
"at://did:plc:76s46esrf3u2ciiza22hbq6q/app.bsky.feed.post/3mwfbkctaz2ox",6,"Cluster 6","canonical_unique_text",8,5,1,1,15
"at://did:plc:3pvthwleviachr4hm7qw7ini/app.bsky.feed.post/3mwfbk53eak2l",1,"Cluster 1","canonical_unique_text",7,2,0,0,9
"at://did:plc:gbkotyyx5fd6y3ybhobv3gsx/app.bsky.feed.post/3mwfb7joropj2",1,"Cluster 1","canonical_unique_text",0,0,0,0,0
"at://did:plc:7bt3pwkn3fedmrmuoj2qbfqa/app.bsky.feed.post/3mwfb3czrq62x",6,"Cluster 6","canonical_unique_text",0,0,0,0,0
"at://did:plc:lc6hdhnjkgccd6ysi7e23pll/app.bsky.feed.post/3mwfb2snpon2y",1,"Cluster 1","canonical_unique_text",0,0,0,0,0
"at://did:plc:lozmph3nfogiyoi23m4qrxus/app.bsky.feed.post/3mwfaubk2622x",1,"Cluster 1","canonical_unique_text",1,0,2,0,3
"at://did:plc:gtiydtetgfsqdqtrvw7dtmeg/app.bsky.feed.post/3mwfatjcm6m2q",1,"Cluster 1","canonical_unique_text",2,1,0,0,3
"at://did:plc:mli5ffhoj5elsts7w236y5sn/app.bsky.feed.post/3mwfassocxc23",6,"Cluster 6","canonical_unique_text",1,0,1,0,2
"at://did:plc:on2fqp4z3zvvujczdpl27dve/app.bsky.feed.post/3mwfaspk6u22o",1,"Cluster 1","canonical_unique_text",2,0,0,0,2
"at://did:plc:md65uwil5f7qoztxagk3us32/app.bsky.feed.post/3mwfaspnjcc2p",1,"Cluster 1","canonical_unique_text",5,0,1,0,6
"at://did:plc:mhh23w3jtcpjyqij6prkvtdy/app.bsky.feed.post/3mwfar6m5nw2r",6,"Cluster 6","canonical_unique_text",0,0,0,0,0
"at://did:plc:i6zjfw3lyxpdunwkdgwamfc4/app.bsky.feed.post/3mwfapzrgg42d",6,"Cluster 6","canonical_unique_text",0,0,0,0,0
"at://did:plc:6nxrl3vwfoi5q4u2cxe7vnge/app.bsky.feed.post/3mwfapy426u27",6,"Cluster 6","mapped_duplicate_text",0,0,0,0,0
"at://did:plc:fmv3hh3ifidbdrqaqaua3fxt/app.bsky.feed.post/3mwfapvsyjt2h",6,"Cluster 6","mapped_duplicate_text",0,0,0,0,0
"at://did:plc:hgtggvtniq3cfadktplxvykh/app.bsky.feed.post/3mwfapsha622c",6,"Cluster 6","mapped_duplicate_text",0,0,0,0,0
"at://did:plc:6iumtlucr4oijgc47s2erzd4/app.bsky.feed.post/3mwfapq2gg62d",6,"Cluster 6","mapped_duplicate_text",0,0,0,0,0
"at://did:plc:ecpaxm553okgh65ountlauen/app.bsky.feed.post/3mwfapnvphc2s",7,"Cluster 7","canonical_unique_text",0,0,0,0,0
"at://did:plc:745u3uqfqpsjlbeflvrzjhty/app.bsky.feed.post/3mwfapomeuq2c",6,"Cluster 6","mapped_duplicate_text",0,0,0,0,0
"at://did:plc:xe4dbsbfzldkzzqgfs2646l3/app.bsky.feed.post/3mwfapn4nru2r",6,"Cluster 6","mapped_duplicate_text",0,0,0,0,0
"at://did:plc:jghna2yhh7qvsihzd32csr57/app.bsky.feed.post/3mwfaplle4c2w",6,"Cluster 6","mapped_duplicate_text",0,0,0,0,0
"at://did:plc:2a52seo77bsjxyvvrcroe7sk/app.bsky.feed.post/3mwfaphii322z",1,"Cluster 1","canonical_unique_text",1,0,0,0,1
"at://did:plc:6r2app35y7iuhwguxlplhlfq/app.bsky.feed.post/3mwfaogghms22",7,"Cluster 7","canonical_unique_text",0,0,0,0,0
"at://did:plc:4rbkk6ccixj3tkpgyvoqb53i/app.bsky.feed.post/3mwfao2ccph2c",6,"Cluster 6","canonical_unique_text",0,0,0,0,0
"at://did:plc:acoroaiidwdenonoztqbtlgp/app.bsky.feed.post/3mwfam6rxbk2p",1,"Cluster 1","canonical_unique_text",1,0,0,0,1
"at://did:plc:hqqjt33dtdcl6kz5bqwi7cws/app.bsky.feed.post/3mwfaihyir42e",1,"Cluster 1","canonical_unique_text",0,0,0,0,0
"at://did:plc:7xgl3qgutzmzhmzjyp5sp4o3/app.bsky.feed.post/3mwfabkmyw226",6,"Cluster 6","canonical_unique_text",3,1,1,0,5
"at://did:plc:5zww7zorx2ajw7hqrhuix3ba/app.bsky.feed.post/3mwfabgkuov2q",6,"Cluster 6","canonical_unique_text",0,0,0,0,0
"at://did:plc:vyjippuuhxmb6xkpcgys67c5/app.bsky.feed.post/3mwfa3nj3rs27",6,"Cluster 6","canonical_unique_text",0,0,0,0,0
"at://did:plc:22qknl7an723rt2kjsbola7u/app.bsky.feed.post/3mwfa2gu3sc22",1,"Cluster 1","canonical_unique_text",0,0,1,0,1
"at://did:plc:5ewlawns3rzlbl6s2d7pj6l4/app.bsky.feed.post/3mwf7wji2de2a",1,"Cluster 1","canonical_unique_text",0,0,0,0,0
"at://did:plc:vyjippuuhxmb6xkpcgys67c5/app.bsky.feed.post/3mwf7mobrcs27",6,"Cluster 6","canonical_unique_text",0,0,0,0,0
"at://did:plc:qjirzvelk7qk4nkfovfogaeq/app.bsky.feed.post/3mwf7kkfxbc26",1,"Cluster 1","canonical_unique_text",0,0,0,0,0
"at://did:plc:ecpaxm553okgh65ountlauen/app.bsky.feed.post/3mwf7jcrclk2s",1,"Cluster 1","canonical_unique_text",0,0,0,0,0
"at://did:plc:axec4zclj7x36amgewgmjo4f/app.bsky.feed.post/3mwf7j7ft522r",1,"Cluster 1","canonical_unique_text",2,3,0,0,5
"at://did:plc:acy4bywuzyjw2lro2veqmnfi/app.bsky.feed.post/3mwf7i3u4v22d",1,"Cluster 1","canonical_unique_text",0,0,0,0,0
"at://did:plc:axcevwb2ys5byxu6mwi4qzbi/app.bsky.feed.post/3mwf7fhx7vc2t",7,"Cluster 7","canonical_unique_text",6,5,1,0,12
"at://did:plc:52aq4ct7ynughy6uk4qyke6f/app.bsky.feed.post/3mwf7duqgic2h",6,"Cluster 6","canonical_unique_text",2,0,0,0,2
"at://did:plc:dh54hguan5ec5nf4nprkd5px/app.bsky.feed.post/3mwf7dy5nho27",6,"Cluster 6","canonical_unique_text",0,0,0,0,0
"at://did:plc:2k6avu5mrlxqqwsfceza2g3w/app.bsky.feed.post/3mwf7dwzwph2q",6,"Cluster 6","mapped_duplicate_text",0,0,0,0,0
"at://did:plc:menuoknllsvstqfrij4j7p46/app.bsky.feed.post/3mwf7aslcuc27",6,"Cluster 6","canonical_unique_text",2,0,1,0,3
"at://did:plc:lc6hdhnjkgccd6ysi7e23pll/app.bsky.feed.post/3mwf7a2424x2y",7,"Cluster 7","canonical_unique_text",2,1,0,0,3
"at://did:plc:zvbhd66gjci62kxtzd3eh2v4/app.bsky.feed.post/3mwf77zhafc2f",6,"Cluster 6","canonical_unique_text",1,0,0,0,1
"at://did:plc:mlrjp2rwa7zgpwwatvrujlkp/app.bsky.feed.post/3mwf77kkofc2x",6,"Cluster 6","canonical_unique_text",0,0,0,0,0
"at://did:plc:4laipfudjn64ofp2o4eawwvu/app.bsky.feed.post/3mwf72ks6rs2s",6,"Cluster 6","canonical_unique_text",1,0,1,0,2
"at://did:plc:j4rqpa3kfsufufl7ywkbfju3/app.bsky.feed.post/3mwf6zh456x2z",1,"Cluster 1","canonical_unique_text",0,0,0,0,0
"at://did:plc:rhg2x5mtnsj6xaznl2l7hnpi/app.bsky.feed.post/3mwf6yrjcgs2p",6,"Cluster 6","canonical_unique_text",0,0,0,0,0
"at://did:plc:pwwavqkiw66fmxzmvcev3fkl/app.bsky.feed.post/3mwf6y3zkms2a",1,"Cluster 1","canonical_unique_text",6,3,0,0,9
"at://did:plc:f4pyt4htk5q7hikh3v27obcm/app.bsky.feed.post/3mwf6wdonbc22",6,"Cluster 6","canonical_unique_text",0,0,0,0,0
"at://did:plc:hptsk6htmqasn4kzx7klibip/app.bsky.feed.post/3mwf6vf77fk2j",6,"Cluster 6","canonical_unique_text",1,0,1,0,2
"at://did:plc:hptsk6htmqasn4kzx7klibip/app.bsky.feed.post/3mwf6u2peqs2j",6,"Cluster 6","mapped_duplicate_text",1,0,0,0,1
"at://did:plc:an322vzz7j2cvaechr6oo6v5/app.bsky.feed.post/3mwf6tmtoj224",6,"Cluster 6","canonical_unique_text",0,0,0,0,0
"at://did:plc:k7szyqhnxxshzaqrrxcs35io/app.bsky.feed.post/3mwf6syrny623",6,"Cluster 6","canonical_unique_text",28,8,1,0,37
"at://did:plc:f5r4twsughb7gy7yxepk7apn/app.bsky.feed.post/3mwf6sop6bm2m",6,"Cluster 6","canonical_unique_text",1,0,0,1,2
"at://did:plc:auk4xklydfg2s6o6olr2pyus/app.bsky.feed.post/3mwf6qnawae2h",6,"Cluster 6","canonical_unique_text",0,0,0,0,0
"at://did:plc:qnvi3gxvy6vpwtquzveljbt6/app.bsky.feed.post/3mwf6qicbi222",1,"Cluster 1","canonical_unique_text",1,0,1,1,3
"at://did:plc:i33mwbcjc5sgiynvdzzc7wnj/app.bsky.feed.post/3mwf6qhffnk2l",6,"Cluster 6","canonical_unique_text",1,0,0,0,1
"at://did:plc:uwiwlhlnhv4rqc6hnbch7mpe/app.bsky.feed.post/3mwf6p4fzwk2x",6,"Cluster 6","canonical_unique_text",0,0,0,0,0
"at://did:plc:7uu5b6pb3ttslcfimfwijiwq/app.bsky.feed.post/3mwf6oxnpvs2r",1,"Cluster 1","canonical_unique_text",0,0,0,0,0
"at://did:plc:i3fhjvvkbmirhyu4aeihhrnv/app.bsky.feed.post/3mwf6ksxtf62s",6,"Cluster 6","canonical_unique_text",28,19,13,21,81
"at://did:plc:yumwqqqcmimdjuy7npelf2jr/app.bsky.feed.post/3mwf6jsmiv22o",6,"Cluster 6","canonical_unique_text",0,0,0,0,0
"at://did:plc:lc6hdhnjkgccd6ysi7e23pll/app.bsky.feed.post/3mwf6jdnpan2r",1,"Cluster 1","canonical_unique_text",1,0,0,0,1
"at://did:plc:pis2pbkxmm4n3si3w4vbvirz/app.bsky.feed.post/3mwf6dki2is2e",6,"Cluster 6","canonical_unique_text",5,0,1,0,6
"at://did:plc:cqhuivxrwyy6dkbojlh5mgt5/app.bsky.feed.post/3mwf6bt74zs2l",6,"Cluster 6","canonical_unique_text",13,11,0,2,26
"at://did:plc:zgznnv3l5fsymbe7cypgqq4b/app.bsky.feed.post/3mwf5ygr7jk24",6,"Cluster 6","canonical_unique_text",2,0,0,0,2
"at://did:plc:chnfawig5kkpqnawqb3cyfeb/app.bsky.feed.post/3mwf5xwhwuc2s",7,"Cluster 7","canonical_unique_text",5,2,1,1,9
"at://did:plc:yicaavjke52kvmije5o3qumu/app.bsky.feed.post/3mwf5t32t7k2k",1,"Cluster 1","canonical_unique_text",7,3,1,0,11
"at://did:plc:mvw7btcxe6jgznss25lcmus7/app.bsky.feed.post/3mwf5spycic22",6,"Cluster 6","canonical_unique_text",0,0,0,0,0
"at://did:plc:buyugvutw2o6767srkaut4ja/app.bsky.feed.post/3mwf5rkzyis2j",6,"Cluster 6","canonical_unique_text",2,2,0,0,4
"at://did:plc:k5nskatzhyxersjilvtnz4lh/app.bsky.feed.post/3mwf5r5tkii2k",7,"Cluster 7","canonical_unique_text",68,42,13,13,136
"at://did:plc:ns4wf3i52hvevoprdckcni25/app.bsky.feed.post/3mwf5p5tzil2c",6,"Cluster 6","canonical_unique_text",0,0,0,0,0
"at://did:plc:ns4wf3i52hvevoprdckcni25/app.bsky.feed.post/3mwf5ojmonl2c",1,"Cluster 1","canonical_unique_text",3,1,2,0,6
"at://did:plc:qdwjm445t24e3h2zdbizjbmx/app.bsky.feed.post/3mwf5oiefjs26",1,"Cluster 1","canonical_unique_text",0,0,0,0,0
"at://did:plc:i6zjfw3lyxpdunwkdgwamfc4/app.bsky.feed.post/3mwf5n3dhxt2s",1,"Cluster 1","canonical_unique_text",0,0,0,0,0
"at://did:plc:6nxrl3vwfoi5q4u2cxe7vnge/app.bsky.feed.post/3mwf5mzi4ca26",1,"Cluster 1","mapped_duplicate_text",0,0,0,0,0
"at://did:plc:fmv3hh3ifidbdrqaqaua3fxt/app.bsky.feed.post/3mwf5mxgt5y2i",1,"Cluster 1","mapped_duplicate_text",0,0,0,0,0
"at://did:plc:rfep3zulmrvgbv5cr735sgdp/app.bsky.feed.post/3mwf5mul4dc2p",1,"Cluster 1","canonical_unique_text",0,0,0,0,0
"at://did:plc:hgtggvtniq3cfadktplxvykh/app.bsky.feed.post/3mwf5mtmgdc2c",1,"Cluster 1","mapped_duplicate_text",0,0,0,0,0
"at://did:plc:6iumtlucr4oijgc47s2erzd4/app.bsky.feed.post/3mwf5mriyil2s",1,"Cluster 1","mapped_duplicate_text",0,0,0,0,0
"at://did:plc:745u3uqfqpsjlbeflvrzjhty/app.bsky.feed.post/3mwf5mpgipj2s",1,"Cluster 1","mapped_duplicate_text",0,0,0,0,0
"at://did:plc:xe4dbsbfzldkzzqgfs2646l3/app.bsky.feed.post/3mwf5mnqp2h23",1,"Cluster 1","mapped_duplicate_text",0,0,0,0,0
"at://did:plc:jghna2yhh7qvsihzd32csr57/app.bsky.feed.post/3mwf5mlxbic2n",1,"Cluster 1","mapped_duplicate_text",0,0,0,0,0
"at://did:plc:uybkf2awme34ko4lfkezerad/app.bsky.feed.post/3mwf5kwerig72",6,"Cluster 6","canonical_unique_text",0,0,0,0,0
"at://did:plc:oc63rhx4glje2et4ugbjpcl2/app.bsky.feed.post/3mwf5ibvpu223",1,"Cluster 1","canonical_unique_text",11,5,2,0,18
"at://did:plc:dj6oxdmirq34ui6zqrvob53r/app.bsky.feed.post/3mwf5gkv7w22b",1,"Cluster 1","canonical_unique_text",3,1,0,0,4
"at://did:plc:wc5ndwt7mpck4tekkqvgrkid/app.bsky.feed.post/3mwf5fzfgk72i",6,"Cluster 6","canonical_unique_text",0,0,0,0,0
"at://did:plc:72x2vofpxerft7lpgvtyvdsz/app.bsky.feed.post/3mwf5fveex22s",6,"Cluster 6","canonical_unique_text",0,0,0,0,0
"at://did:plc:iw2fcarz3gvsu5ilpa55v47o/app.bsky.feed.post/3mwf56mgijs2l",7,"Cluster 7","canonical_unique_text",1,0,0,0,1
"at://did:plc:yuocdyzqzj6bfdzjr6cyp6ps/app.bsky.feed.post/3mwf56bg55c2t",6,"Cluster 6","canonical_unique_text",0,0,0,0,0
"at://did:plc:d3wzodyupaatb52obfwqbjpk/app.bsky.feed.post/3mwf6skzltq2i",6,"Cluster 6","canonical_unique_text",1,0,0,0,1
"at://did:plc:dgir44dxsumaehf64hjn26ce/app.bsky.feed.post/3mwf55e2vi22a",6,"Cluster 6","canonical_unique_text",0,0,0,0,0
"at://did:plc:mvw7btcxe6jgznss25lcmus7/app.bsky.feed.post/3mwf52xqfd22s",6,"Cluster 6","canonical_unique_text",0,0,0,0,0
"at://did:plc:qy7jyacwla7ns56hmplxxjoi/app.bsky.feed.post/3mwf4ygprhh22",6,"Cluster 6","canonical_unique_text",4,0,5,0,9
"at://did:plc:mvw7btcxe6jgznss25lcmus7/app.bsky.feed.post/3mwf4ybfedc2m",7,"Cluster 7","canonical_unique_text",1,0,0,0,1
"at://did:plc:ycthjmpolv2mcoq6wyuqdokw/app.bsky.feed.post/3mwf4vwffis2s",6,"Cluster 6","canonical_unique_text",0,0,0,0,0
"at://did:plc:lwrybhswjxxzx277x4obx4m7/app.bsky.feed.post/3mwf4urbmpk2y",6,"Cluster 6","canonical_unique_text",0,0,0,0,0
"at://did:plc:tnrgt5tzmeuu5phopibhm5ed/app.bsky.feed.post/3mwf4t4qays2n",6,"Cluster 6","mapped_duplicate_text",0,0,0,0,0
"at://did:plc:ervsb5lfe2p2fzkdxuckvmib/app.bsky.feed.post/3mwf4sk5axk2m",6,"Cluster 6","canonical_unique_text",0,0,0,1,1
"at://did:plc:rrdoxj5vqnm7abqxcmvqfgm6/app.bsky.feed.post/3mwf4o5vwyk2o",1,"Cluster 1","canonical_unique_text",0,0,0,0,0
"at://did:plc:sefgphqp2xqwh2hawaixykwz/app.bsky.feed.post/3mwf4nknoj22a",1,"Cluster 1","canonical_unique_text",157,32,9,3,201
"at://did:plc:b2kdumfgkqzhj5bvtbcwihnx/app.bsky.feed.post/3mwf4mvagrk2p",7,"Cluster 7","canonical_unique_text",0,0,0,0,0
"at://did:plc:6t2yqcq3ay5fri2ujz7kxwun/app.bsky.feed.post/3mwf4mopxus2q",1,"Cluster 1","canonical_unique_text",1,0,1,0,2
"at://did:plc:2wmyo7m47aza2yojqjjrtvbe/app.bsky.feed.post/3mwf4km3jls2v",6,"Cluster 6","canonical_unique_text",0,0,0,0,0
"at://did:plc:elcepvr65b7rymlyk4avyktc/app.bsky.feed.post/3mwf4jryzf425",6,"Cluster 6","canonical_unique_text",0,0,0,0,0
"at://did:plc:dzohep3wsek2yifca5eozwsv/app.bsky.feed.post/3mwf4jp2j3c2j",6,"Cluster 6","canonical_unique_text",1,0,0,0,1
"at://did:plc:flfa7b6kgjqp3bbh223tmpjk/app.bsky.feed.post/3mwf4ipwmw22b",1,"Cluster 1","canonical_unique_text",161,48,26,6,241
"at://did:plc:lc6hdhnjkgccd6ysi7e23pll/app.bsky.feed.post/3mwf4ikmdjh2l",6,"Cluster 6","canonical_unique_text",0,0,0,0,0
"at://did:plc:6dbdbvkx6wmmaib2sk4ll22s/app.bsky.feed.post/3mwf4e4iu622o",6,"Cluster 6","canonical_unique_text",0,0,0,0,0
"at://did:plc:7so4krpz6yosvpolrfjunsxq/app.bsky.feed.post/3mwfmizs7da2y",1,"Cluster 1","canonical_unique_text",0,0,0,0,0
"at://did:plc:7so4krpz6yosvpolrfjunsxq/app.bsky.feed.post/3mwfmiswacy2q",1,"Cluster 1","canonical_unique_text",0,0,0,0,0
"at://did:plc:7so4krpz6yosvpolrfjunsxq/app.bsky.feed.post/3mwfmin4bfl2x",1,"Cluster 1","canonical_unique_text",0,0,0,0,0
"at://did:plc:7so4krpz6yosvpolrfjunsxq/app.bsky.feed.post/3mwfmihgsko2v",1,"Cluster 1","canonical_unique_text",0,0,0,0,0
"at://did:plc:voa5jj4mjj2u76o7cp6qanjz/app.bsky.feed.post/3mwfm2rriva2r",4,"Cluster 4","canonical_unique_text",0,0,0,0,0
"at://did:plc:qnzaaisqa3lafzmtjxt5nt52/app.bsky.feed.post/3mwfltqa5642r",1,"Cluster 1","canonical_unique_text",0,0,0,0,0
"at://did:plc:vaa5e4jzfpx6znz3jzxqixym/app.bsky.feed.post/3mwflrlxrvwa2",4,"Cluster 4","canonical_unique_text",0,1,1,0,2
"at://did:plc:eeuaspycmnfsswihxshdlrad/app.bsky.feed.post/3mwfl27wun22q",4,"Cluster 4","canonical_unique_text",0,0,0,0,0
"at://did:plc:ytucbs55h2hpmgyhrw32xnfu/app.bsky.feed.post/3mwfkkr2cw724",4,"Cluster 4","canonical_unique_text",0,0,0,0,0
"at://did:plc:d3wzodyupaatb52obfwqbjpk/app.bsky.feed.post/3mwfkjx5hzg2m",1,"Cluster 1","canonical_unique_text",0,0,0,0,0
"at://did:plc:uemns7yqb62n5kpwe34wgdhs/app.bsky.feed.post/3mwfj4s7amk24",4,"Cluster 4","canonical_unique_text",12,0,4,0,16
"at://did:plc:pimfwcxo6wysvak25ub3asg3/app.bsky.feed.post/3mwfimj6t222x",1,"Cluster 1","canonical_unique_text",2,0,0,0,2
"at://did:plc:cxeoay4fze3plflx7hf52rst/app.bsky.feed.post/3mwfi6t5j2w2o",4,"Cluster 4","canonical_unique_text",0,0,0,0,0
"at://did:plc:m2rhzyb4ihbylrrfy7hlsf3s/app.bsky.feed.post/3mwfi5y5deh2p",4,"Cluster 4","canonical_unique_text",0,0,0,0,0
"at://did:plc:voa5jj4mjj2u76o7cp6qanjz/app.bsky.feed.post/3mwfhwazzdk2e",4,"Cluster 4","mapped_duplicate_text",0,0,0,0,0
"at://did:plc:d3wzodyupaatb52obfwqbjpk/app.bsky.feed.post/3mwfh6owl742m",4,"Cluster 4","canonical_unique_text",0,0,0,0,0
"at://did:plc:z43jhwecrw7u77yhvmxq73ky/app.bsky.feed.post/3mwfgmtzock26",4,"Cluster 4","canonical_unique_text",0,0,0,0,0
"at://did:plc:vdysbadz2lgiunw5wvxcggsp/app.bsky.feed.post/3mwffjltl4m2z",4,"Cluster 4","canonical_unique_text",0,0,0,0,0
"at://did:plc:s5qrnmbssyaemtyx6h6236yk/app.bsky.feed.post/3mwff4x2kn22k",4,"Cluster 4","canonical_unique_text",0,0,0,0,0
"at://did:plc:lc6hdhnjkgccd6ysi7e23pll/app.bsky.feed.post/3mwfex5go4z2b",4,"Cluster 4","canonical_unique_text",0,0,0,0,0
"at://did:plc:2mmdgkpha4xuzppdqixd7q6g/app.bsky.feed.post/3mwfcfxfpch2p",1,"Cluster 1","canonical_unique_text",0,0,0,0,0
"at://did:plc:voa5jj4mjj2u76o7cp6qanjz/app.bsky.feed.post/3mwfbbn66xz2u",4,"Cluster 4","mapped_duplicate_text",0,0,0,0,0
"at://did:plc:klxhs3vhldlfr5r2hc6tsgc6/app.bsky.feed.post/3mwfb7rsxfl2f",4,"Cluster 4","canonical_unique_text",0,0,0,0,0
"at://did:plc:zgcupvf5c6he2w4qufqd5xpp/app.bsky.feed.post/3mwfb5msjfe2u",3,"Cluster 3","canonical_unique_text",1,0,0,0,1
"at://did:plc:zgcupvf5c6he2w4qufqd5xpp/app.bsky.feed.post/3mwfb5lo4zb2n",3,"Cluster 3","canonical_unique_text",1,0,0,0,1
"at://did:plc:2wbfp6k3lkabxqt4gfbulk5k/app.bsky.feed.post/3mwfadxcin222",4,"Cluster 4","canonical_unique_text",2,0,1,0,3
"at://did:plc:zgcupvf5c6he2w4qufqd5xpp/app.bsky.feed.post/3mwfab3mpvp24",3,"Cluster 3","canonical_unique_text",1,0,0,0,1
"at://did:plc:zgcupvf5c6he2w4qufqd5xpp/app.bsky.feed.post/3mwfaayn5s32r",3,"Cluster 3","canonical_unique_text",0,0,0,0,0
"at://did:plc:zgcupvf5c6he2w4qufqd5xpp/app.bsky.feed.post/3mwfaaymlh32l",3,"Cluster 3","canonical_unique_text",0,0,0,0,0
"at://did:plc:zgcupvf5c6he2w4qufqd5xpp/app.bsky.feed.post/3mwfaaxlued2r",3,"Cluster 3","canonical_unique_text",0,0,0,0,0
"at://did:plc:o6ib2fginsufaplmi2omb2zv/app.bsky.feed.post/3mwf7upd4as2w",4,"Cluster 4","canonical_unique_text",1,0,0,0,1
"at://did:plc:amnhdrsyqrmpomj6qdzc3ved/app.bsky.feed.post/3mwf6xra5fcj2",4,"Cluster 4","canonical_unique_text",0,0,0,0,0
"at://did:plc:zgcupvf5c6he2w4qufqd5xpp/app.bsky.feed.post/3mwf6sxjah42u",3,"Cluster 3","canonical_unique_text",0,0,0,0,0
"at://did:plc:zgcupvf5c6he2w4qufqd5xpp/app.bsky.feed.post/3mwf5sel4kz2n",3,"Cluster 3","canonical_unique_text",1,0,0,0,1
"at://did:plc:zgcupvf5c6he2w4qufqd5xpp/app.bsky.feed.post/3mwf5sdxslu2l",3,"Cluster 3","canonical_unique_text",0,0,0,0,0
"at://did:plc:az5vcad2zcn4hkt3hy7kknpg/app.bsky.feed.post/3mwf4tq3mzd2h",4,"Cluster 4","canonical_unique_text",0,0,0,0,0
"at://did:plc:oy2xnfi4nsbrdrzzn7lppkb4/app.bsky.feed.post/3mwf4gekv522m",4,"Cluster 4","canonical_unique_text",3,0,0,0,3
"at://did:plc:acy4bywuzyjw2lro2veqmnfi/app.bsky.feed.post/3mwf43vjdc22d",1,"Cluster 1","canonical_unique_text",0,0,0,0,0
"at://did:plc:apqqv6j4pu7x5v6vzxhbuw3h/app.bsky.feed.post/3mwf3zu7bhc2c",4,"Cluster 4","canonical_unique_text",5,0,2,0,7
"at://did:plc:p5mamfea56j3qngthk2hwni7/app.bsky.feed.post/3mwf3p2stps2p",6,"Cluster 6","canonical_unique_text",0,0,0,0,0
"at://did:plc:voa5jj4mjj2u76o7cp6qanjz/app.bsky.feed.post/3mwf3j6abld2b",4,"Cluster 4","mapped_duplicate_text",0,0,0,0,0
"at://did:plc:y7mstjoffmx5npaswekpnnik/app.bsky.feed.post/3mwf3hmwbs726",4,"Cluster 4","canonical_unique_text",1,0,1,0,2
"at://did:plc:kwiypi24jk74eqizabvi3cwd/app.bsky.feed.post/3mwf2zpwegc23",1,"Cluster 1","canonical_unique_text",2,0,1,0,3
"at://did:plc:yzo6r6i63kuhlpd6gttycun7/app.bsky.feed.post/3mwf2x3pdtf2s",4,"Cluster 4","canonical_unique_text",1,0,0,0,1
"at://did:plc:voa5jj4mjj2u76o7cp6qanjz/app.bsky.feed.post/3mwf2j5qner2n",4,"Cluster 4","mapped_duplicate_text",0,0,0,0,0
"at://did:plc:ytucbs55h2hpmgyhrw32xnfu/app.bsky.feed.post/3mwezt3hb4l2i",4,"Cluster 4","canonical_unique_text",0,0,0,0,0
"at://did:plc:wu4d37o7ukir2jieaxdh6qhc/app.bsky.feed.post/3mwezhsbwyp2w",1,"Cluster 1","canonical_unique_text",0,0,0,0,0
"at://did:plc:yzos2bixvwh2fpkq55qrgrmd/app.bsky.feed.post/3mwez7thz722k",4,"Cluster 4","canonical_unique_text",0,0,0,0,0
"at://did:plc:nai2pj4hnrqjyecikmxqrmwl/app.bsky.feed.post/3mwexi74tut26",4,"Cluster 4","canonical_unique_text",0,0,0,0,0
"at://did:plc:s5qrnmbssyaemtyx6h6236yk/app.bsky.feed.post/3mwewhdhmq22e",1,"Cluster 1","canonical_unique_text",0,0,6,1,7
"at://did:plc:ytucbs55h2hpmgyhrw32xnfu/app.bsky.feed.post/3mwewgsdjfz2f",4,"Cluster 4","mapped_duplicate_text",0,0,0,0,0
"at://did:plc:lh6puucrnmg6xawx2a2gdykq/app.bsky.feed.post/3mwewdfk3hu2f",4,"Cluster 4","canonical_unique_text",0,0,1,0,1
"at://did:plc:klxhs3vhldlfr5r2hc6tsgc6/app.bsky.feed.post/3mweve5vuvc2y",4,"Cluster 4","canonical_unique_text",1,0,0,0,1
"at://did:plc:vgvueqvmbqgoyxtcdebqdcgb/app.bsky.feed.post/3mweuuinoiu2v",1,"Cluster 1","canonical_unique_text",0,0,0,0,0
"at://did:plc:eqodapsqr6yntb2xtwshrsf2/app.bsky.feed.post/3mwetwsnze52q",4,"Cluster 4","canonical_unique_text",0,0,0,0,0
"at://did:plc:dpwpritm3tmba7pyf4r6uqlf/app.bsky.feed.post/3mwetwsjn3q2w",4,"Cluster 4","canonical_unique_text",3,0,0,0,3
"at://did:plc:qh7wukpvr2iamkyxr6levl3p/app.bsky.feed.post/3mwetmwazha2h",4,"Cluster 4","canonical_unique_text",0,0,0,0,0
"at://did:plc:yxophxgbwe7dgnsg6mv4ikxa/app.bsky.feed.post/3mwesq4e4u22o",4,"Cluster 4","canonical_unique_text",0,0,0,0,0
"at://did:plc:z7qe4gqyrbczfx2jrzwz5yvq/app.bsky.feed.post/3mwerxclqws2c",3,"Cluster 3","canonical_unique_text",0,0,0,0,0
"at://did:plc:d3wzodyupaatb52obfwqbjpk/app.bsky.feed.post/3mwerfcf2nf2a",4,"Cluster 4","canonical_unique_text",2,0,0,0,2
"at://did:plc:d3wzodyupaatb52obfwqbjpk/app.bsky.feed.post/3mwerfdxzhg2z",4,"Cluster 4","canonical_unique_text",0,0,0,0,0
"at://did:web:pluralistic.net/app.bsky.feed.post/3mweqo6aptc2u",4,"Cluster 4","canonical_unique_text",1,0,1,0,2
"at://did:plc:y2dbjndavcz77bdazvlbuh6p/app.bsky.feed.post/3mweppbzaur2e",1,"Cluster 1","canonical_unique_text",0,0,0,0,0
"at://did:plc:7i7ghqhmifbk2decgtphfkzp/app.bsky.feed.post/3mwepf25n7k2y",4,"Cluster 4","canonical_unique_text",0,0,0,0,0
"at://did:plc:vftyj7ewsdh6zh74ltqvhjsq/app.bsky.feed.post/3mwepewg4tc22",4,"Cluster 4","canonical_unique_text",1,0,1,0,2
"at://did:plc:ldiom4h3ewumuoqvtxnrwtri/app.bsky.feed.post/3mwenw5curc2l",4,"Cluster 4","canonical_unique_text",0,0,0,0,0
"at://did:plc:l5ntoppfqwcqcotr64wciofo/app.bsky.feed.post/3mwemfyhukc2e",4,"Cluster 4","canonical_unique_text",0,0,0,0,0
"at://did:plc:l5ntoppfqwcqcotr64wciofo/app.bsky.feed.post/3mwemddtjkk25",4,"Cluster 4","canonical_unique_text",0,0,0,0,0
"at://did:plc:4vvaxwovyg4yo4n7dyyncaiu/app.bsky.feed.post/3mwelkuc6us2l",4,"Cluster 4","canonical_unique_text",29,0,2,0,31
"at://did:plc:uxp47xg3bjtbyppf6vnmdfbo/app.bsky.feed.post/3mwekhdlvdk2f",4,"Cluster 4","canonical_unique_text",1,0,1,0,2
"at://did:plc:2pgnv3aw5dhgz47345v5nfpu/app.bsky.feed.post/3mwejzvreg22f",1,"Cluster 1","canonical_unique_text",1,1,0,0,2
"at://did:plc:zh6b6f7na52pmks6vwypstww/app.bsky.feed.post/3mwejtzozvc25",4,"Cluster 4","canonical_unique_text",9,0,0,0,9
"at://did:plc:6kse464v2q2tvtmdt7rum7fo/app.bsky.feed.post/3mwejqxp3ck2q",4,"Cluster 4","canonical_unique_text",3,0,1,0,4
"at://did:plc:6kse464v2q2tvtmdt7rum7fo/app.bsky.feed.post/3mwejkxdonk2q",4,"Cluster 4","canonical_unique_text",8,0,0,0,8
"at://did:plc:ytucbs55h2hpmgyhrw32xnfu/app.bsky.feed.post/3mwej24clkt24",4,"Cluster 4","mapped_duplicate_text",0,0,0,0,0
"at://did:plc:l4ri4xjdgjyxwxh3yzpxii7m/app.bsky.feed.post/3mweiiay55p2f",1,"Cluster 1","canonical_unique_text",1,0,0,0,1
"at://did:plc:sc3l2vtdhs6qbsoiyica7gka/app.bsky.feed.post/3mwehqe5t5k2x",4,"Cluster 4","canonical_unique_text",1,0,0,0,1
"at://did:plc:nweoznzqqqgkvkhw4zair7fb/app.bsky.feed.post/3mwehghgh4k2x",6,"Cluster 6","canonical_unique_text",1,0,0,0,1
"at://did:plc:ugqswjcquz2ubcrlpo4b7cu7/app.bsky.feed.post/3mwehfchq2e2l",4,"Cluster 4","canonical_unique_text",0,0,0,0,0
"at://did:plc:td2enjy7ci7gpspsvimy3iew/app.bsky.feed.post/3mwehdrrcqd2i",4,"Cluster 4","canonical_unique_text",1,0,0,0,1
"at://did:plc:dilbiczlsemllmpa2plyliih/app.bsky.feed.post/3mwehbb4jul2p",4,"Cluster 4","canonical_unique_text",0,0,0,0,0
"at://did:plc:fozzbhhdmk6sch52su2ney4e/app.bsky.feed.post/3mweh4ycvj32z",4,"Cluster 4","canonical_unique_text",0,0,0,0,0
"at://did:plc:wploxznczlfwqfordwi5h35n/app.bsky.feed.post/3mwegopyb722l",1,"Cluster 1","canonical_unique_text",4,1,0,0,5
"at://did:plc:sc3l2vtdhs6qbsoiyica7gka/app.bsky.feed.post/3mweg4tkbg22v",4,"Cluster 4","canonical_unique_text",1,0,1,0,2
"at://did:plc:ytucbs55h2hpmgyhrw32xnfu/app.bsky.feed.post/3mwefpcyadr2h",4,"Cluster 4","mapped_duplicate_text",0,0,0,0,0
"at://did:plc:2x7ykaepypo2nktkb3tlhsfh/app.bsky.feed.post/3mwefhdpwec2z",4,"Cluster 4","canonical_unique_text",2,0,0,0,2
"at://did:plc:s67h2qruxdrrjifqycn4l6db/app.bsky.feed.post/3mwefgcaa762z",4,"Cluster 4","canonical_unique_text",0,0,0,0,0
"at://did:plc:rztodq3lfskdnvtvgoydelic/app.bsky.feed.post/3mweff26p3p2e",4,"Cluster 4","canonical_unique_text",0,0,0,0,0
"at://did:plc:plv6rznnbzpdpz2md7z7gmqt/app.bsky.feed.post/3mweexgwgkc2s",4,"Cluster 4","canonical_unique_text",0,0,0,0,0
"at://did:plc:hwr3wcx7y2vxgomfxqyulpwa/app.bsky.feed.post/3mweem6obg52h",4,"Cluster 4","canonical_unique_text",0,0,0,0,0
"at://did:plc:tn6v3urv7ncmalxzjh7n2lic/app.bsky.feed.post/3mweecxshgs2z",4,"Cluster 4","canonical_unique_text",0,0,1,0,1
"at://did:plc:fozzbhhdmk6sch52su2ney4e/app.bsky.feed.post/3mweechvg742w",4,"Cluster 4","canonical_unique_text",0,0,0,0,0
"at://did:plc:vffntflufrh4tcrn2soy5qx7/app.bsky.feed.post/3mwee2hivbl2r",4,"Cluster 4","canonical_unique_text",1,0,0,0,1
"at://did:plc:4axwsf5hlk2omckvoolonim6/app.bsky.feed.post/3mwedzloy53r2",4,"Cluster 4","canonical_unique_text",0,0,0,0,0
"at://did:plc:d3wzodyupaatb52obfwqbjpk/app.bsky.feed.post/3mwedy7j5jz2n",4,"Cluster 4","canonical_unique_text",0,0,0,0,0
"at://did:plc:kfwyi6bek4mmxekk46azzcn3/app.bsky.feed.post/3mwedowq5uc2r",4,"Cluster 4","canonical_unique_text",0,0,0,0,0
"at://did:plc:ozkvd6djihrjmimal56dve6w/app.bsky.feed.post/3mwed6tcxui2v",4,"Cluster 4","canonical_unique_text",1,0,0,0,1
"at://did:plc:bxpaash7iceqjiur5bt7xntr/app.bsky.feed.post/3mwed6t3wln2z",4,"Cluster 4","mapped_duplicate_text",0,0,0,0,0
"at://did:plc:4vwkjmijpwzoqulerctaqphs/app.bsky.feed.post/3mwec6hcgrk2w",1,"Cluster 1","canonical_unique_text",1,0,0,0,1
"at://did:plc:46wu46w4ulphkjeie5bvpd7t/app.bsky.feed.post/3mwebvpvzys2v",4,"Cluster 4","canonical_unique_text",16,0,0,0,16
"at://did:plc:qk6axy7w63hf3ffvwvfdnokh/app.bsky.feed.post/3mwebn3tvmk2r",6,"Cluster 6","canonical_unique_text",0,0,0,0,0
"at://did:plc:mxpakn6l6fymqhsfkcmy6z6g/app.bsky.feed.post/3mweaodz6jyqa",4,"Cluster 4","canonical_unique_text",1,0,1,0,2
"at://did:plc:6uqw76zgz2r4umak55nuy6r4/app.bsky.feed.post/3mweadxlhpq2t",4,"Cluster 4","canonical_unique_text",0,0,0,0,0
"at://did:plc:lowvryocas54fph3iy3mhthr/app.bsky.feed.post/3mwea3orw4o24",4,"Cluster 4","canonical_unique_text",0,0,0,0,0
"at://did:plc:3n6loyh6lus3nkbzmrgsczoo/app.bsky.feed.post/3mwe7r7iz6w2h",4,"Cluster 4","canonical_unique_text",0,0,0,0,0
"at://did:plc:3n6loyh6lus3nkbzmrgsczoo/app.bsky.feed.post/3mwe76rbb3h2x",4,"Cluster 4","mapped_duplicate_text",0,0,0,0,0
"at://did:plc:lowvryocas54fph3iy3mhthr/app.bsky.feed.post/3mwe6yb55sd2p",4,"Cluster 4","canonical_unique_text",1,0,0,0,1
"at://did:plc:3n6loyh6lus3nkbzmrgsczoo/app.bsky.feed.post/3mwe6tq6sax2o",4,"Cluster 4","canonical_unique_text",0,0,0,0,0
"at://did:plc:uxp47xg3bjtbyppf6vnmdfbo/app.bsky.feed.post/3mwe6tmsvi22f",4,"Cluster 4","canonical_unique_text",1,0,1,0,2
"at://did:plc:5zww7zorx2ajw7hqrhuix3ba/app.bsky.feed.post/3mwe6qqa3kk2o",4,"Cluster 4","canonical_unique_text",0,0,0,0,0
"at://did:plc:sfls75zt7ttplqojhgntmxnb/app.bsky.feed.post/3mwe6kvtqjs2l",4,"Cluster 4","canonical_unique_text",1,0,0,0,1
"at://did:plc:vspgzmrjpl67ottah5pzydme/app.bsky.feed.post/3mwe6jdezn22b",4,"Cluster 4","canonical_unique_text",0,0,0,0,0
"at://did:plc:lowvryocas54fph3iy3mhthr/app.bsky.feed.post/3mwe6g4r43f25",4,"Cluster 4","canonical_unique_text",1,0,0,0,1
"at://did:plc:lowvryocas54fph3iy3mhthr/app.bsky.feed.post/3mwe5ucmmrb24",4,"Cluster 4","canonical_unique_text",0,0,0,0,0
"at://did:plc:d3wzodyupaatb52obfwqbjpk/app.bsky.feed.post/3mwe6x7djat2z",4,"Cluster 4","canonical_unique_text",0,0,0,0,0
"at://did:plc:ni6srzh7jes4vzxui752i74f/app.bsky.feed.post/3mwe5tjz4br2z",4,"Cluster 4","canonical_unique_text",4,0,0,0,4
"at://did:plc:4xi6i6tavp3wl346zbhpv7ca/app.bsky.feed.post/3mwe5okuvkf2d",4,"Cluster 4","canonical_unique_text",0,0,0,0,0
"at://did:plc:rsycpyvyud2z5x4q4c3b3sjc/app.bsky.feed.post/3mwe5h3rhq32s",1,"Cluster 1","canonical_unique_text",0,0,0,0,0
"at://did:plc:io3cp3hts5dmn4s3obzrgock/app.bsky.feed.post/3mwe5ccsavk26",4,"Cluster 4","canonical_unique_text",0,0,1,0,1
"at://did:plc:zgcupvf5c6he2w4qufqd5xpp/app.bsky.feed.post/3mwe5c34efu2f",3,"Cluster 3","canonical_unique_text",2,0,0,0,2
"at://did:plc:l4ri4xjdgjyxwxh3yzpxii7m/app.bsky.feed.post/3mwe5bmanfo2x",1,"Cluster 1","canonical_unique_text",0,0,0,0,0
"at://did:plc:ddijibaizbdri6dnayaelan4/app.bsky.feed.post/3mwe547bj3c2p",4,"Cluster 4","canonical_unique_text",1,0,0,0,1
"at://did:plc:4og7kniw7pmfnlx6pjfd2sxv/app.bsky.feed.post/3mwe53dl2uk2z",4,"Cluster 4","canonical_unique_text",8,2,0,0,10
"at://did:plc:2axwmdalt3szozn3cgf5hqrr/app.bsky.feed.post/3mwe4ypmbmw2x",4,"Cluster 4","canonical_unique_text",0,0,0,0,0
"at://did:plc:c7a4sekhlsfotoftcixtvxsn/app.bsky.feed.post/3mwe4tlerkc2v",4,"Cluster 4","canonical_unique_text",4,0,1,0,5
"at://did:plc:23mhm63ih7mb4lmxjkkpnohf/app.bsky.feed.post/3mwe4szgz7222",4,"Cluster 4","canonical_unique_text",1,0,0,0,1
"at://did:plc:beqfmic6slbh6xp6ol5poguu/app.bsky.feed.post/3mwe4jpvrj22f",4,"Cluster 4","canonical_unique_text",0,0,2,0,2
"at://did:plc:3mftaj6z5qkzuxh4hia6wzrq/app.bsky.feed.post/3mwe4c77gyb2t",1,"Cluster 1","canonical_unique_text",0,0,0,0,0
"at://did:plc:2axwmdalt3szozn3cgf5hqrr/app.bsky.feed.post/3mwe46xpvw522",4,"Cluster 4","canonical_unique_text",1,0,0,0,1
"at://did:plc:fme3ybtqgr6xiidzcpldg37q/app.bsky.feed.post/3mwe444ql2s2x",1,"Cluster 1","canonical_unique_text",1,0,0,0,1
"at://did:plc:v5qzuh655iq2m7xbzwxookcn/app.bsky.feed.post/3mwe3ypid6k2r",1,"Cluster 1","canonical_unique_text",0,0,0,0,0
"at://did:plc:ek6n2jftadsbobqq2yeclcb4/app.bsky.feed.post/3mwe3wx3aic2k",1,"Cluster 1","mapped_duplicate_text",0,0,0,0,0
"at://did:plc:d3wzodyupaatb52obfwqbjpk/app.bsky.feed.post/3mwe3lxdbfl2z",4,"Cluster 4","canonical_unique_text",0,0,0,0,0
"at://did:plc:54wnaxvvhnacsduf22cg2msz/app.bsky.feed.post/3mwe3a3y6io2r",4,"Cluster 4","canonical_unique_text",0,0,0,0,0
"at://did:plc:bs6iajvbfi3qflp2b4oas5nk/app.bsky.feed.post/3mwe2fljnis2n",1,"Cluster 1","canonical_unique_text",0,0,1,0,1
"at://did:plc:lmqvd7gy25wurfwyw64w6mnt/app.bsky.feed.post/3mwe2bbqowa24",4,"Cluster 4","canonical_unique_text",0,1,0,0,1
"at://did:plc:yt6zqgbbyrwchrtc6256fr5d/app.bsky.feed.post/3mwe262m3py2r",4,"Cluster 4","canonical_unique_text",0,0,0,0,0
"at://did:plc:xwey6sdl3i36rfignla6hi4g/app.bsky.feed.post/3mwe25ip3vs2e",4,"Cluster 4","canonical_unique_text",0,0,1,0,1
"at://did:plc:5s2ln7id2myep66ojyv2cepe/app.bsky.feed.post/3mwe24jigi225",4,"Cluster 4","canonical_unique_text",0,0,0,0,0
"at://did:plc:b4ukz5sq236to73cozqnbfbo/app.bsky.feed.post/3mwdzzqfpmz2u",1,"Cluster 1","canonical_unique_text",1,0,0,0,1
"at://did:plc:qutxerevidwlzend6nfzix4y/app.bsky.feed.post/3mwdzy5uuks2i",4,"Cluster 4","canonical_unique_text",1,0,1,0,2
"at://did:plc:643p6z4ydk2xnwv77maa6eec/app.bsky.feed.post/3mwdzbinit22j",1,"Cluster 1","canonical_unique_text",5,0,2,0,7
"at://did:plc:643p6z4ydk2xnwv77maa6eec/app.bsky.feed.post/3mwdzbi2blk2j",4,"Cluster 4","canonical_unique_text",20,2,3,0,25
"at://did:plc:kfwyi6bek4mmxekk46azzcn3/app.bsky.feed.post/3mwdz6w5cik2r",4,"Cluster 4","canonical_unique_text",4,0,0,1,5
"at://did:plc:sg6ktighdayi6m7k6lm7le27/app.bsky.feed.post/3mwdyvyozmk2n",4,"Cluster 4","canonical_unique_text",1,0,0,0,1
"at://did:plc:ubvji4cjdwg674jvi4o2kl55/app.bsky.feed.post/3mwdyur52us2y",4,"Cluster 4","canonical_unique_text",4,0,1,0,5
"at://did:plc:5hvzun4bla4ysn3uftgzzl5a/app.bsky.feed.post/3mwdyu3bads2f",4,"Cluster 4","canonical_unique_text",1,0,0,0,1
"at://did:plc:bqqmoom6eiznml3kcln47ftd/app.bsky.feed.post/3mwdyfnl5tk2f",4,"Cluster 4","canonical_unique_text",0,0,1,0,1
"at://did:plc:g33cnm3fehljgbbzhemekrh5/app.bsky.feed.post/3mwdyej36bq2l",1,"Cluster 1","canonical_unique_text",0,0,0,0,0
"at://did:plc:i54i7kn42dh2angryk36kph2/app.bsky.feed.post/3mwdxzjeapf2c",4,"Cluster 4","canonical_unique_text",0,0,0,0,0
"at://did:plc:4d47zbcgiidl4gblmkzykbzl/app.bsky.feed.post/3mwdxiifmis2a",4,"Cluster 4","canonical_unique_text",0,0,0,0,0
"at://did:plc:6oue7bcx5zgbpkl5upsuadwt/app.bsky.feed.post/3mwdxfm7dus2r",1,"Cluster 1","canonical_unique_text",0,0,0,0,0
"at://did:plc:6aa6kcdkxw3kmh7bxole6nha/app.bsky.feed.post/3mwdxdxi25s2m",4,"Cluster 4","canonical_unique_text",0,0,0,0,0
"at://did:plc:nekza65kc7vtize5l3ugcek7/app.bsky.feed.post/3mwdx6y2pxt2o",4,"Cluster 4","canonical_unique_text",1,1,1,0,3
"at://did:plc:m2rhzyb4ihbylrrfy7hlsf3s/app.bsky.feed.post/3mwdwutve2z2d",4,"Cluster 4","canonical_unique_text",0,0,0,0,0
"at://did:plc:m2rhzyb4ihbylrrfy7hlsf3s/app.bsky.feed.post/3mwdwutmew32p",4,"Cluster 4","canonical_unique_text",0,0,1,0,1
"at://did:plc:ziregtnnalb6cgpluksf735q/app.bsky.feed.post/3mwdwr7xzic24",4,"Cluster 4","canonical_unique_text",1,0,1,0,2
"at://did:plc:4b5ltyl2jfb23mggw4pwcqoc/app.bsky.feed.post/3mwdwmycgt22z",4,"Cluster 4","canonical_unique_text",2,0,0,0,2
"at://did:plc:r5hd6dgqsxcrd45thpugvagu/app.bsky.feed.post/3mwdwj7wzpc24",4,"Cluster 4","canonical_unique_text",7,0,0,0,7
"at://did:plc:ski5stfaobipysnfmeh4oy5l/app.bsky.feed.post/3mwdwbnibfi2z",1,"Cluster 1","canonical_unique_text",0,0,0,0,0
"at://did:plc:5i3ilwod3k4lcn4tdskko3kx/app.bsky.feed.post/3mwdvzknmua25",3,"Cluster 3","canonical_unique_text",0,0,0,0,0
"at://did:plc:dsxfx7dgiy7fec37znsweqep/app.bsky.feed.post/3mwdvf63a6k2e",1,"Cluster 1","canonical_unique_text",0,0,0,0,0
"at://did:plc:2ltjyeiniqo5s72pffjejiad/app.bsky.feed.post/3mwdv5pyuh62w",4,"Cluster 4","canonical_unique_text",0,0,0,0,0
"at://did:plc:xpg3phnkabefr2ht5st3wx5v/app.bsky.feed.post/3mwdv4xxtp225",1,"Cluster 1","canonical_unique_text",1,1,0,0,2
"at://did:plc:zuow6qro4we2iwx2ssktbbqt/app.bsky.feed.post/3mwduzyau322c",4,"Cluster 4","canonical_unique_text",1,0,1,0,2
"at://did:plc:3nyagedztjas5hw6mwi2qcor/app.bsky.feed.post/3mwduzs7jl62o",1,"Cluster 1","canonical_unique_text",0,0,1,0,1
"at://did:plc:ahtyudnsxy3he5ynxbijws6r/app.bsky.feed.post/3mwdul7pyv22e",1,"Cluster 1","canonical_unique_text",0,0,0,0,0
"at://did:plc:3soxccyzncng7ap4wbman44m/app.bsky.feed.post/3mwdu6grajc23",4,"Cluster 4","canonical_unique_text",1,0,0,0,1
"at://did:plc:5i3ilwod3k4lcn4tdskko3kx/app.bsky.feed.post/3mwdu37nbk52n",3,"Cluster 3","canonical_unique_text",0,0,0,0,0
"at://did:plc:zjjnpovo5ev6koxfxgtkpxwa/app.bsky.feed.post/3mwdu2ntcr327",4,"Cluster 4","canonical_unique_text",0,0,0,0,0
"at://did:plc:zjjnpovo5ev6koxfxgtkpxwa/app.bsky.feed.post/3mwdu2ncpmx2m",4,"Cluster 4","canonical_unique_text",0,0,1,0,1
"at://did:plc:nq42b46zljjkihjbbtvfujzo/app.bsky.feed.post/3mwdtyolshki2",1,"Cluster 1","canonical_unique_text",3,2,0,0,5
"at://did:plc:r4xrzendbg7zgxi7ldacqwva/app.bsky.feed.post/3mwdtxoepkk2z",4,"Cluster 4","canonical_unique_text",7,2,0,0,9
"at://did:plc:5i3ilwod3k4lcn4tdskko3kx/app.bsky.feed.post/3mwdtj6k67b2t",3,"Cluster 3","canonical_unique_text",0,0,0,0,0
"at://did:plc:3k2pehwnr2wv7ruf6cdmeffc/app.bsky.feed.post/3mwdtirgstd2l",3,"Cluster 3","canonical_unique_text",0,0,0,0,0
"at://did:plc:obdcobzxkadhegsjnexqp7cq/app.bsky.feed.post/3mwdthcj4yc2l",4,"Cluster 4","canonical_unique_text",2,0,0,0,2
"at://did:plc:5i3ilwod3k4lcn4tdskko3kx/app.bsky.feed.post/3mwdtakadq725",3,"Cluster 3","canonical_unique_text",0,0,0,0,0
"at://did:plc:5i3ilwod3k4lcn4tdskko3kx/app.bsky.feed.post/3mwdsxbsgpr2b",3,"Cluster 3","canonical_unique_text",0,0,0,0,0
"at://did:plc:3k2pehwnr2wv7ruf6cdmeffc/app.bsky.feed.post/3mwdswwx5ao2b",3,"Cluster 3","canonical_unique_text",0,0,0,0,0
"at://did:plc:dldjlnyixo5drrqrfo27fcff/app.bsky.feed.post/3mwdsopr27s2r",4,"Cluster 4","canonical_unique_text",1,0,0,0,1
"at://did:plc:m2rhzyb4ihbylrrfy7hlsf3s/app.bsky.feed.post/3mwdsmwyse52p",4,"Cluster 4","canonical_unique_text",0,0,1,0,1
"at://did:plc:lc6hdhnjkgccd6ysi7e23pll/app.bsky.feed.post/3mwdsgeqtpt2z",1,"Cluster 1","canonical_unique_text",1,0,0,0,1
"at://did:plc:5i3ilwod3k4lcn4tdskko3kx/app.bsky.feed.post/3mwdsfefknp2b",3,"Cluster 3","canonical_unique_text",0,0,0,0,0
"at://did:plc:ry3tdvmhs7zebprlhdzw4ne7/app.bsky.feed.post/3mwds4jrk322i",4,"Cluster 4","canonical_unique_text",0,0,0,0,0
"at://did:plc:kb4xuxfptj5gvsenvljjncu2/app.bsky.feed.post/3mwds2azh2c22",4,"Cluster 4","canonical_unique_text",0,0,0,0,0
"at://did:plc:nasdzbpiyzph2lvcoijyxere/app.bsky.feed.post/3mwdrpswsvb2u",1,"Cluster 1","canonical_unique_text",0,0,0,0,0
"at://did:plc:5i3ilwod3k4lcn4tdskko3kx/app.bsky.feed.post/3mwdrkrv5zl2z",3,"Cluster 3","canonical_unique_text",0,0,0,0,0
"at://did:plc:ku2wfcth6nj476e7mkkc2ac6/app.bsky.feed.post/3mwdrkiz2nk2r",4,"Cluster 4","canonical_unique_text",0,0,0,0,0
"at://did:plc:cotdrnkscacqzpubmxjz2jfk/app.bsky.feed.post/3mwdrbh2qi72z",3,"Cluster 3","canonical_unique_text",0,0,0,0,0
"at://did:plc:3k2pehwnr2wv7ruf6cdmeffc/app.bsky.feed.post/3mwdrbcwtui2s",3,"Cluster 3","canonical_unique_text",0,0,0,0,0
"at://did:plc:cotdrnkscacqzpubmxjz2jfk/app.bsky.feed.post/3mwdqyikkod2s",3,"Cluster 3","canonical_unique_text",0,0,0,0,0
"at://did:plc:3k2pehwnr2wv7ruf6cdmeffc/app.bsky.feed.post/3mwdqyfb2qh2q",3,"Cluster 3","canonical_unique_text",0,0,0,0,0
"at://did:plc:5i3ilwod3k4lcn4tdskko3kx/app.bsky.feed.post/3mwdqpyd3cs25",3,"Cluster 3","canonical_unique_text",0,0,0,0,0
"at://did:plc:ejzsdclv4guraq46xp3liusw/app.bsky.feed.post/3mwdq23oefb2g",1,"Cluster 1","canonical_unique_text",2,0,0,0,2
"at://did:plc:xmf3e7v65vgc6r462rsji6k2/app.bsky.feed.post/3mwdps75ujk2z",1,"Cluster 1","canonical_unique_text",0,0,0,0,0
"at://did:plc:qn63xhxe7ck7g6k3z6226pwp/app.bsky.feed.post/3mwdphwj3s22u",4,"Cluster 4","canonical_unique_text",0,0,1,0,1
"at://did:plc:6zq72tchgzxigxat34bhruh7/app.bsky.feed.post/3mwdpc7u3qs2w",4,"Cluster 4","canonical_unique_text",2,0,2,0,4
"at://did:plc:jrw325ivugt5s7xpcra4tdw6/app.bsky.feed.post/3mwdor2iau327",4,"Cluster 4","canonical_unique_text",1,0,0,1,2
"at://did:plc:2ltjyeiniqo5s72pffjejiad/app.bsky.feed.post/3mwdoh455cx2m",4,"Cluster 4","canonical_unique_text",0,0,0,0,0
"at://did:plc:ytucbs55h2hpmgyhrw32xnfu/app.bsky.feed.post/3mwdo7bs6lx2f",4,"Cluster 4","mapped_duplicate_text",0,0,0,0,0
"at://did:plc:gcnxu3x7dtlicbjvee7kxkje/app.bsky.feed.post/3mwdo6yxo6c2d",4,"Cluster 4","canonical_unique_text",0,0,0,0,0
"at://did:plc:h4pw4ukmg4q5iuvc4comj6yv/app.bsky.feed.post/3mwdo6vnlzf2a",1,"Cluster 1","canonical_unique_text",0,0,0,0,0
"at://did:plc:h4pw4ukmg4q5iuvc4comj6yv/app.bsky.feed.post/3mwdo6tyjlh2k",4,"Cluster 4","canonical_unique_text",0,0,1,0,1
"at://did:plc:minulnoxcb7lql35ajeqertc/app.bsky.feed.post/3mwdntuu2y2ji",4,"Cluster 4","canonical_unique_text",3,0,2,0,5
"at://did:plc:g3njqfqlsjf2cdvcqdssnf3r/app.bsky.feed.post/3mwdne5agap2j",6,"Cluster 6","canonical_unique_text",3,1,0,0,4
"at://did:plc:b3dyoqn73sateyduxvqlekmm/app.bsky.feed.post/3mwdn7okmdk2p",4,"Cluster 4","canonical_unique_text",0,0,0,0,0
"at://did:plc:ajbh37k36cu2bhutcexszkrb/app.bsky.feed.post/3mwdm3myv3c2x",4,"Cluster 4","canonical_unique_text",0,0,0,0,0
"at://did:plc:ctmvub6zwc6x35ozzvzxclyf/app.bsky.feed.post/3mwdlzwf2g22w",4,"Cluster 4","canonical_unique_text",0,0,0,0,0
"at://did:plc:4vwkjmijpwzoqulerctaqphs/app.bsky.feed.post/3mwdlp6ues22w",1,"Cluster 1","canonical_unique_text",0,0,0,0,0
"at://did:plc:b6uwoktfznzwwzfhoft66zlv/app.bsky.feed.post/3mwdl5mtrxc23",4,"Cluster 4","canonical_unique_text",6,0,0,0,6
"at://did:plc:nazb3qmbm45a3czccmp2tnyr/app.bsky.feed.post/3mwdjm67szx2e",4,"Cluster 4","canonical_unique_text",0,0,0,0,0
"at://did:plc:rrpul7rxm2s4opncn6pwr475/app.bsky.feed.post/3mwdjk74tlk2x",4,"Cluster 4","canonical_unique_text",0,0,0,0,0
"at://did:plc:m2rhzyb4ihbylrrfy7hlsf3s/app.bsky.feed.post/3mwdisacmq72r",4,"Cluster 4","canonical_unique_text",0,0,0,0,0
"at://did:plc:vagyaklkgv33dk6suoc2yy5p/app.bsky.feed.post/3mwdinybmkk2r",4,"Cluster 4","canonical_unique_text",6,4,0,0,10
"at://did:plc:6i55bhvm2kntg4lx2jiitzhv/app.bsky.feed.post/3mwdinfi23a2r",4,"Cluster 4","canonical_unique_text",0,0,0,0,0
"at://did:plc:wrdqcg6gifeacfji74nu5iqq/app.bsky.feed.post/3mwdidzfdms2g",4,"Cluster 4","canonical_unique_text",1,0,1,0,2
"at://did:plc:lqvi3b4e5dkx6ij2qm2lntke/app.bsky.feed.post/3mwdhnqvfs22n",1,"Cluster 1","canonical_unique_text",1,0,0,0,1
"at://did:plc:2pqyad74a76lzgpbrachdyu6/app.bsky.feed.post/3mwdhjyerwn2r",4,"Cluster 4","canonical_unique_text",0,0,0,0,0
"at://did:plc:fyitqypzz6qaax7ve46hsw52/app.bsky.feed.post/3mwdhigdz4i24",1,"Cluster 1","canonical_unique_text",1,0,0,0,1
"at://did:plc:d3wzodyupaatb52obfwqbjpk/app.bsky.feed.post/3mwdhia2osq2v",4,"Cluster 4","canonical_unique_text",0,0,0,0,0
"at://did:plc:frogrtqux6lxkaplryuuvvr6/app.bsky.feed.post/3mwdgtngce22e",4,"Cluster 4","canonical_unique_text",1,0,0,0,1
"at://did:plc:w2ykatkyconundmt3oswdvc4/app.bsky.feed.post/3mwdgiv7dtk2g",1,"Cluster 1","canonical_unique_text",1,0,0,0,1
"at://did:plc:y5pitrxtj7yaiolcqb6ahsvg/app.bsky.feed.post/3mwdgaw77tk2v",4,"Cluster 4","canonical_unique_text",0,0,0,0,0
"at://did:plc:kqzxysls6236lug2d2vopr3r/app.bsky.feed.post/3mwdgarfdohi2",1,"Cluster 1","canonical_unique_text",0,0,0,0,0
"at://did:plc:ysvjeg3zvk5y5f2wao6qzr7l/app.bsky.feed.post/3mwdftdzdd22p",1,"Cluster 1","canonical_unique_text",13,0,1,1,15
"at://did:plc:lkqllxvjsy64k42uoqqzagon/app.bsky.feed.post/3mwdfrwqe522t",4,"Cluster 4","canonical_unique_text",0,0,0,0,0
"at://did:plc:xsvfhbvi6jsvcdfztqptt7kg/app.bsky.feed.post/3mwdfhpvhks24",4,"Cluster 4","canonical_unique_text",14,3,2,0,19
"at://did:plc:l4ri4xjdgjyxwxh3yzpxii7m/app.bsky.feed.post/3mwdf6ydlam2r",1,"Cluster 1","canonical_unique_text",1,0,0,0,1
"at://did:plc:m2rhzyb4ihbylrrfy7hlsf3s/app.bsky.feed.post/3mwdegr4stv2p",4,"Cluster 4","canonical_unique_text",0,0,0,0,0
"at://did:plc:l4ri4xjdgjyxwxh3yzpxii7m/app.bsky.feed.post/3mwdefvsafb2o",1,"Cluster 1","canonical_unique_text",0,0,0,0,0
"at://did:plc:l4ri4xjdgjyxwxh3yzpxii7m/app.bsky.feed.post/3mwde6qequ72u",4,"Cluster 4","canonical_unique_text",0,0,0,0,0
"at://did:plc:fgxvtgldrc7vxsjn4i43usze/app.bsky.feed.post/3mwde2srlnh25",1,"Cluster 1","canonical_unique_text",0,0,0,0,0
"at://did:plc:ptea6myyykucmixqrjeeevwo/app.bsky.feed.post/3mwdcrxdpqc27",1,"Cluster 1","canonical_unique_text",0,0,0,0,0
"at://did:plc:ripuieflk4dajtvtif27snff/app.bsky.feed.post/3mwdcfjcfyc2v",4,"Cluster 4","canonical_unique_text",5,0,0,0,5
"at://did:plc:7fr7rfgkchogh4s3rb4ewxuz/app.bsky.feed.post/3mwdcbmkqlksq",4,"Cluster 4","canonical_unique_text",2,0,1,0,3
"at://did:plc:tn6v3urv7ncmalxzjh7n2lic/app.bsky.feed.post/3mwdbxb5k4l2z",4,"Cluster 4","canonical_unique_text",0,0,1,0,1
"at://did:plc:32r7scd5hucgv552zjfuaigc/app.bsky.feed.post/3mwdbpxojmo27",4,"Cluster 4","canonical_unique_text",0,0,0,0,0
"at://did:plc:ly2qmr6h65qfwervjkr6on4s/app.bsky.feed.post/3mwfmlrleg52c",7,"Cluster 7","canonical_unique_text",0,0,0,0,0
"at://did:plc:venc3mchnoqo26p3yy64ivs2/app.bsky.feed.post/3mwfmizhtdk2h",1,"Cluster 1","canonical_unique_text",0,0,1,0,1
"at://did:plc:jqe2s6hy7kmxvbs67tf3lh7w/app.bsky.feed.post/3mwfmirynhz2d",7,"Cluster 7","canonical_unique_text",0,0,0,0,0
"at://did:plc:4tbrrddsqruas4qi25h427gn/app.bsky.feed.post/6znwxfbfq6yw7",7,"Cluster 7","canonical_unique_text",1,0,0,0,1
"at://did:plc:c4bt74n6vemex7aepk2gzwps/app.bsky.feed.post/3mwfmhi4tyk2d",1,"Cluster 1","canonical_unique_text",0,0,0,0,0
"at://did:plc:avtjovfm6u4o3b7b4srzbqwl/app.bsky.feed.post/3mwfmepeq7c2w",1,"Cluster 1","canonical_unique_text",0,0,0,0,0
"at://did:plc:pavt775rsubl35v2xvktuzks/app.bsky.feed.post/3mwfmde3biz2h",7,"Cluster 7","canonical_unique_text",0,0,0,0,0
"at://did:plc:k4n42z2ucdgmpgdkj43boboy/app.bsky.feed.post/3mwfmbg4mt32o",7,"Cluster 7","canonical_unique_text",0,0,0,0,0
"at://did:plc:4skorxz2pwda334dvdtli243/app.bsky.feed.post/3mwfmabl7qv2g",2,"Cluster 2","canonical_unique_text",0,0,0,0,0
"at://did:plc:hzebgrkbc42iyxsrmwsdjnej/app.bsky.feed.post/3mwfm7fnajy2v",1,"Cluster 1","canonical_unique_text",0,0,0,0,0
"at://did:plc:cxd7x2jdqgbt5dk7tofu7gvm/app.bsky.feed.post/3mwfm5quvak23",1,"Cluster 1","canonical_unique_text",0,0,0,0,0
"at://did:plc:v6ra4fjyu6xlgma6p5r5iek5/app.bsky.feed.post/3mwfm4lcbtt2b",1,"Cluster 1","canonical_unique_text",1,0,1,0,2
"at://did:plc:4icrpzmw5r5puenhyh7b2wsl/app.bsky.feed.post/3mwfm4gl2y22f",5,"Cluster 5","canonical_unique_text",0,0,0,0,0
"at://did:plc:klngtvquuyugbypgohfh3ftz/app.bsky.feed.post/3mwfm272mj22m",1,"Cluster 1","canonical_unique_text",0,0,0,0,0
"at://did:plc:acby3qsdhjegf4mr4e6hqxvk/app.bsky.feed.post/3mwflyg2hhk2b",1,"Cluster 1","canonical_unique_text",0,0,0,0,0
"at://did:plc:vaa5e4jzfpx6znz3jzxqixym/app.bsky.feed.post/3mwflty2nyur2",1,"Cluster 1","canonical_unique_text",0,0,1,0,1
"at://did:plc:nnfjy7mgugylrbiasa7pqidb/app.bsky.feed.post/3mwflsnofpc2u",1,"Cluster 1","canonical_unique_text",3,0,0,0,3
"at://did:plc:dcf2j5r6ytmgxfeljuegrljj/app.bsky.feed.post/3mwflruqhjk2z",1,"Cluster 1","canonical_unique_text",0,0,0,0,0
"at://did:plc:6ow7sn4eyi7fyaiyjk3u267b/app.bsky.feed.post/3mwflqpqid52f",1,"Cluster 1","canonical_unique_text",0,0,0,0,0
"at://did:plc:6jpxghats53lpkfi4b6333b6/app.bsky.feed.post/3mwflqds4i22g",1,"Cluster 1","canonical_unique_text",0,0,0,0,0
"at://did:plc:3t7dx2twtix2qsq5ytyejeex/app.bsky.feed.post/3mwflq43c222s",5,"Cluster 5","canonical_unique_text",2,0,0,0,2
"at://did:plc:ubkj4wojcbr5uqngzppcv6di/app.bsky.feed.post/3mwfloth4l22d",1,"Cluster 1","mapped_duplicate_text",0,0,0,0,0
"at://did:plc:3t7dx2twtix2qsq5ytyejeex/app.bsky.feed.post/3mwflmeqzhs2s",5,"Cluster 5","canonical_unique_text",0,0,0,0,0
"at://did:plc:3t7dx2twtix2qsq5ytyejeex/app.bsky.feed.post/3mwflkr3mc22s",5,"Cluster 5","canonical_unique_text",2,1,0,0,3
"at://did:plc:vaa5e4jzfpx6znz3jzxqixym/app.bsky.feed.post/3mwflipgmmwo2",1,"Cluster 1","canonical_unique_text",0,0,1,0,1
"at://did:plc:3t7dx2twtix2qsq5ytyejeex/app.bsky.feed.post/3mwflilly222s",5,"Cluster 5","canonical_unique_text",0,0,0,0,0
"at://did:plc:vpl5klhezesyfzdozg5moteg/app.bsky.feed.post/3mwfli7co422n",1,"Cluster 1","canonical_unique_text",1,1,0,0,2
"at://did:plc:62bzksujlaro7qw74yecr6wp/app.bsky.feed.post/3mwflg77fi227",1,"Cluster 1","canonical_unique_text",0,0,0,0,0
"at://did:plc:4skorxz2pwda334dvdtli243/app.bsky.feed.post/3mwflffy2hx2t",2,"Cluster 2","canonical_unique_text",0,0,0,0,0
"at://did:plc:h6uhk56herhjsw4xatoa3a5l/app.bsky.feed.post/3mwfleuwboc2f",7,"Cluster 7","canonical_unique_text",1,0,0,0,1
"at://did:plc:oss75w47o65rowadev7jfnjj/app.bsky.feed.post/3mwflelbays24",1,"Cluster 1","canonical_unique_text",0,0,0,0,0
"at://did:plc:qnn3kultpaicdwtpp26a5tba/app.bsky.feed.post/3mwfledt5uc26",7,"Cluster 7","canonical_unique_text",0,0,0,0,0
"at://did:plc:64uarqitesgaekp7u3wwj3xj/app.bsky.feed.post/3mwflchaaws2f",1,"Cluster 1","canonical_unique_text",0,0,0,0,0
"at://did:plc:suoxeryxb3diftqmsgkcfiud/app.bsky.feed.post/3mwflazkbqc2z",1,"Cluster 1","canonical_unique_text",0,0,0,0,0
"at://did:plc:ln5ysppu5ajp4nm5wixvqztx/app.bsky.feed.post/gngn24xtuahjh",7,"Cluster 7","canonical_unique_text",0,0,0,0,0
"at://did:plc:pq3ovbgkxt5tzy4xpvum6jn5/app.bsky.feed.post/3mwfkyyw5d32v",1,"Cluster 1","canonical_unique_text",0,0,0,0,0
"at://did:plc:j44p3o64r6guqcbsmgrz3vgc/app.bsky.feed.post/3mwfksogvpk2z",1,"Cluster 1","canonical_unique_text",4,2,3,0,9
"at://did:plc:fks7s3klyrhs7ykd7cugscdh/app.bsky.feed.post/3mwfkqw6cij2d",1,"Cluster 1","canonical_unique_text",0,0,0,0,0
"at://did:plc:hem3cvmjhx6di2dgmbxd2arx/app.bsky.feed.post/3mwfko7tfic2c",1,"Cluster 1","canonical_unique_text",0,0,0,0,0
"at://did:plc:4skorxz2pwda334dvdtli243/app.bsky.feed.post/3mwfkkmusfr2p",2,"Cluster 2","canonical_unique_text",0,0,0,0,0
"at://did:plc:ntt4ddjj5y5iqlkuqi6vatk3/app.bsky.feed.post/3mwfkkbumwg2j",1,"Cluster 1","canonical_unique_text",1,0,0,0,1
"at://did:plc:yse5csl4cgsh4dqcwmnrob7r/app.bsky.feed.post/3mwfkisq5ms2s",1,"Cluster 1","canonical_unique_text",0,0,0,0,0
"at://did:plc:nnfjy7mgugylrbiasa7pqidb/app.bsky.feed.post/3mwfketgi7c2u",1,"Cluster 1","canonical_unique_text",4,1,0,0,5
"at://did:plc:mmc5zrv5i4h6xmtpps2unkho/app.bsky.feed.post/3mwfjzsdit524",1,"Cluster 1","canonical_unique_text",0,0,0,0,0
"at://did:plc:mmc5zrv5i4h6xmtpps2unkho/app.bsky.feed.post/3mwfjx6lpvf24",1,"Cluster 1","canonical_unique_text",0,0,0,0,0
"at://did:plc:tlmi333azel2jcornp2qeolm/app.bsky.feed.post/3mwfkj67jgo2q",7,"Cluster 7","canonical_unique_text",0,0,0,0,0
"at://did:plc:dpm463kx2ra7hu6lktl2e4yi/app.bsky.feed.post/3mwfjsbyw6s2o",7,"Cluster 7","canonical_unique_text",1,0,0,0,1
"at://did:plc:fpwviwnd7q4nivasmcmkh73z/app.bsky.feed.post/3mwfjse4gh42r",1,"Cluster 1","canonical_unique_text",0,0,0,0,0
"at://did:plc:mmc5zrv5i4h6xmtpps2unkho/app.bsky.feed.post/3mwfjq6jasv24",1,"Cluster 1","canonical_unique_text",0,0,0,0,0
"at://did:plc:4skorxz2pwda334dvdtli243/app.bsky.feed.post/3mwfjpz6ark2f",2,"Cluster 2","canonical_unique_text",0,0,0,0,0
"at://did:plc:ueh6qniv3zy6zxiglkjxwtcs/app.bsky.feed.post/3mwfjmbvyzc2z",1,"Cluster 1","canonical_unique_text",0,0,0,0,0
"at://did:plc:mthktzniljcvhf7hnohptifs/app.bsky.feed.post/3mwfjkxdbls2d",1,"Cluster 1","canonical_unique_text",1,0,0,0,1
"at://did:plc:y6alliolnbnez6f6odwtsele/app.bsky.feed.post/3mwfj7xjqf22y",1,"Cluster 1","canonical_unique_text",1,0,0,0,1
"at://did:plc:xdwo6pqw7ahphu2egtjukpj3/app.bsky.feed.post/3mwfj7iixmk2g",1,"Cluster 1","canonical_unique_text",2,0,0,0,2
"at://did:plc:qubyqwc2wsv5cpfm3i3f6skt/app.bsky.feed.post/3mwfj65qep22t",1,"Cluster 1","canonical_unique_text",1,0,0,0,1
"at://did:plc:7inp53c6wbkz6klgjrl24vg4/app.bsky.feed.post/3mwfiykvfwk2i",1,"Cluster 1","canonical_unique_text",0,0,1,0,1
"at://did:plc:lc6hdhnjkgccd6ysi7e23pll/app.bsky.feed.post/3mwfixoxa7r2t",7,"Cluster 7","canonical_unique_text",0,0,1,0,1
"at://did:plc:gi23djbyhqpx2ykajeuzzy3d/app.bsky.feed.post/3mwfivoo5is2h",1,"Cluster 1","canonical_unique_text",0,0,0,0,0
"at://did:plc:4skorxz2pwda334dvdtli243/app.bsky.feed.post/3mwfivaisip2j",2,"Cluster 2","canonical_unique_text",0,0,0,0,0
"at://did:plc:gux75wrv6b555qedoweb3njb/app.bsky.feed.post/3mwfiuj43ok23",1,"Cluster 1","canonical_unique_text",0,0,0,0,0
"at://did:plc:fmfsi75a3mojfsdxfy4znjpo/app.bsky.feed.post/3mwfitipjr22b",2,"Cluster 2","canonical_unique_text",0,1,0,0,1
"at://did:plc:hnynajpysr47rnyf5mvlxrsz/app.bsky.feed.post/3mwfirau6ns2p",1,"Cluster 1","canonical_unique_text",22,11,1,0,34
"at://did:plc:yzisuquo4yo6mfghlpr32xxl/app.bsky.feed.post/3mwfiqcq6dd62",1,"Cluster 1","canonical_unique_text",1,0,0,0,1
"at://did:plc:2jjirfqth4tn5i2qnze5mozh/app.bsky.feed.post/3mwfioc5zssjm",1,"Cluster 1","canonical_unique_text",0,0,0,0,0
"at://did:plc:pq3ovbgkxt5tzy4xpvum6jn5/app.bsky.feed.post/3mwfind2abd2a",7,"Cluster 7","canonical_unique_text",0,0,0,0,0
"at://did:plc:pjqz3fhfujr54x7lene523gb/app.bsky.feed.post/3mwfihcpigk2y",1,"Cluster 1","canonical_unique_text",0,0,1,0,1
"at://did:plc:lmkt6nmp3i6mi7kdl6wqvgo3/app.bsky.feed.post/3mwfif77ais2p",1,"Cluster 1","canonical_unique_text",3,1,0,0,4
"at://did:plc:hixb3ywihnpvhmwidlhsl75h/app.bsky.feed.post/3mwfiefbmnk2h",1,"Cluster 1","canonical_unique_text",1,0,1,0,2
"at://did:plc:e4lfdm3xr4quihwgwkphi2ig/app.bsky.feed.post/3mwfidzpd2424",1,"Cluster 1","canonical_unique_text",0,0,1,0,1
"at://did:plc:cnwnp4mm7her6pywk7jb6jsr/app.bsky.feed.post/3mwfidvek3ya2",1,"Cluster 1","canonical_unique_text",0,0,0,0,0
"at://did:plc:4icrpzmw5r5puenhyh7b2wsl/app.bsky.feed.post/3mwficm3sws2f",5,"Cluster 5","canonical_unique_text",11,0,0,0,11
"at://did:plc:lc6hdhnjkgccd6ysi7e23pll/app.bsky.feed.post/3mwfiaz5cpz2t",7,"Cluster 7","canonical_unique_text",1,0,0,0,1
"at://did:plc:gajl56wzwwfa667uqxzt7dje/app.bsky.feed.post/3mwfi5psspk25",1,"Cluster 1","canonical_unique_text",1,0,0,0,1
"at://did:plc:4skorxz2pwda334dvdtli243/app.bsky.feed.post/3mwfi24e7sf2q",2,"Cluster 2","canonical_unique_text",0,0,0,0,0
"at://did:plc:xoh5aanj4pmjkrovsggudtca/app.bsky.feed.post/3mwfhtzvwho2z",1,"Cluster 1","canonical_unique_text",0,0,0,0,0
"at://did:plc:q3olhb5fiukyaf3ug5devpvp/app.bsky.feed.post/3mwfhtzv3ea2w",1,"Cluster 1","mapped_duplicate_text",0,0,0,0,0
"at://did:plc:eg6s2gpahvvdjnh4porvczk6/app.bsky.feed.post/3mwfhpn734726",1,"Cluster 1","canonical_unique_text",0,0,0,0,0
"at://did:plc:misdl6fbmmqcsidw6vtnxnx3/app.bsky.feed.post/3mwfhftgyts2q",7,"Cluster 7","canonical_unique_text",0,0,0,0,0
"at://did:plc:5yi36x7u3qzyrnotf5x2h7hn/app.bsky.feed.post/3mwfhazycbc2v",1,"Cluster 1","canonical_unique_text",0,0,0,0,0
"at://did:plc:a2zmrrktnfsj7nt7boz4x7tn/app.bsky.feed.post/3mwfhanozckp3",7,"Cluster 7","canonical_unique_text",0,0,0,0,0
"at://did:plc:4skorxz2pwda334dvdtli243/app.bsky.feed.post/3mwfh7erftc2y",2,"Cluster 2","canonical_unique_text",0,0,0,0,0
"at://did:plc:josbhgmdah7asnx3vuxeq2wd/app.bsky.feed.post/3mwfh6ubt3f2c",1,"Cluster 1","canonical_unique_text",1,0,0,0,1
"at://did:plc:gvkrcsufx5jo6apdzihnsa4u/app.bsky.feed.post/3mwfh6to36x2j",1,"Cluster 1","canonical_unique_text",5,0,0,0,5
"at://did:plc:l37b5ij7szo2whbl7ku4rfrn/app.bsky.feed.post/3mwfh5azvq22l",1,"Cluster 1","canonical_unique_text",0,0,0,0,0
"at://did:plc:wl4yqrcbtaaykjpslissa4in/app.bsky.feed.post/3mwfgwko23c2l",1,"Cluster 1","canonical_unique_text",0,0,1,0,1
"at://did:plc:grjg44qgq3esx67xe5b52ujo/app.bsky.feed.post/3mwfgunneqs2v",2,"Cluster 2","canonical_unique_text",3,1,0,0,4
"at://did:plc:rcbo26xucmekoovvxxjtv22h/app.bsky.feed.post/3mwfgp4ctc52v",7,"Cluster 7","canonical_unique_text",0,0,0,0,0
"at://did:plc:rcbo26xucmekoovvxxjtv22h/app.bsky.feed.post/3mwfgp2jbfh2u",7,"Cluster 7","canonical_unique_text",0,0,0,0,0
"at://did:plc:ril6rzy6m5zutwvxqqrh5a5j/app.bsky.feed.post/3mwfgil4w7z2y",1,"Cluster 1","canonical_unique_text",0,0,0,0,0
"at://did:plc:w7au2nx6h6dmitskrbprkqd4/app.bsky.feed.post/3mwfghwbyw22p",1,"Cluster 1","canonical_unique_text",1,1,0,0,2
"at://did:plc:m3tumwygm5splh66pk55qiv5/app.bsky.feed.post/3mwfgh2ic7k25",1,"Cluster 1","canonical_unique_text",0,0,1,0,1
"at://did:plc:w7au2nx6h6dmitskrbprkqd4/app.bsky.feed.post/3mwfgexj37c2p",1,"Cluster 1","canonical_unique_text",0,0,0,0,0
"at://did:plc:4skorxz2pwda334dvdtli243/app.bsky.feed.post/3mwfgepr4co2n",2,"Cluster 2","canonical_unique_text",0,0,0,0,0
"at://did:plc:oovpcfjwveujjlzdbdcclsru/app.bsky.feed.post/3mwfgehgxzs2o",1,"Cluster 1","canonical_unique_text",7,0,2,0,9
"at://did:plc:vuby3fphsy3ht75mlsa3iaul/app.bsky.feed.post/3mwfgdwz4z62e",1,"Cluster 1","canonical_unique_text",0,0,0,0,0
"at://did:plc:cnyoagvcaroalhb33wen47eg/app.bsky.feed.post/3mwfgaormkk2p",1,"Cluster 1","canonical_unique_text",1,0,0,0,1
"at://did:plc:4izzk7jyj5yebyo22zblxby4/app.bsky.feed.post/3mwfganooqz2l",7,"Cluster 7","canonical_unique_text",14,8,2,4,28
"at://did:plc:zo7j4sovkfad45yocv6mu5mj/app.bsky.feed.post/3mwffzy74zc2v",1,"Cluster 1","canonical_unique_text",1,0,0,0,1
"at://did:plc:wvlcnlwmxucqlnmv3hzp2fot/app.bsky.feed.post/3mwffxblxbs24",1,"Cluster 1","canonical_unique_text",2,0,0,0,2
"at://did:plc:pjsoww3sj3c4o64egvwxj5j5/app.bsky.feed.post/3mwffvy7v622d",5,"Cluster 5","canonical_unique_text",3,0,0,0,3
"at://did:plc:bhxkv4yklrc2xfjgcc4khq56/app.bsky.feed.post/3mwffsauqbk2h",1,"Cluster 1","canonical_unique_text",0,0,0,0,0
"at://did:plc:vpdpgdobzu46tqjj6u3mtmdk/app.bsky.feed.post/3mwffpu2vv22i",1,"Cluster 1","canonical_unique_text",0,0,0,0,0
"at://did:plc:vpdpgdobzu46tqjj6u3mtmdk/app.bsky.feed.post/3mwffn7xb322i",1,"Cluster 1","canonical_unique_text",0,0,1,0,1
"at://did:plc:ufhy54ojnrhk5gtg2v4cvu3j/app.bsky.feed.post/3mwffmkepg22x",1,"Cluster 1","canonical_unique_text",0,0,0,0,0
"at://did:plc:utrdz24mcbfcxor2bo2t6jsh/app.bsky.feed.post/3mwffmhet2k2j",1,"Cluster 1","canonical_unique_text",0,0,0,0,0
"at://did:plc:4nm4tnsz7xrhppgj6puf4aot/app.bsky.feed.post/3mwffm45xq42u",7,"Cluster 7","canonical_unique_text",1,0,0,0,1
"at://did:plc:ir2b7mnp3f7qouemawhhew72/app.bsky.feed.post/3mwfflj2fdc27",7,"Cluster 7","canonical_unique_text",1,2,0,0,3
"at://did:plc:4skorxz2pwda334dvdtli243/app.bsky.feed.post/3mwffjoggpu2q",2,"Cluster 2","canonical_unique_text",1,0,0,0,1
"at://did:plc:pavt775rsubl35v2xvktuzks/app.bsky.feed.post/3mwffibsrrq2l",7,"Cluster 7","canonical_unique_text",0,0,0,0,0
"at://did:plc:lfxcx6pww22nce353fxrgicd/app.bsky.feed.post/3mwffh45i6s2h",1,"Cluster 1","canonical_unique_text",0,0,0,0,0
"at://did:plc:zvxjk2664x3ohnppxx2hnfr2/app.bsky.feed.post/3mwfffcl35s2a",1,"Cluster 1","canonical_unique_text",1,0,0,0,1
"at://did:plc:zvxjk2664x3ohnppxx2hnfr2/app.bsky.feed.post/3mwfffckjlc2a",1,"Cluster 1","canonical_unique_text",2,0,1,0,3
"at://did:plc:e7ekuqeae6scgbxkt6da6u67/app.bsky.feed.post/3mwffevkruk2i",1,"Cluster 1","canonical_unique_text",0,0,0,0,0
"at://did:plc:vpdpgdobzu46tqjj6u3mtmdk/app.bsky.feed.post/3mwffdec2s22i",1,"Cluster 1","canonical_unique_text",0,0,1,0,1
"at://did:plc:e6p3g4o6ocatmpeu5spqdgck/app.bsky.feed.post/3mwffbro6u22o",1,"Cluster 1","canonical_unique_text",1,0,0,0,1
"at://did:plc:ffiwxgz2zofi4wrcnnj6exyh/app.bsky.feed.post/3mwffartp2k2d",5,"Cluster 5","canonical_unique_text",2,0,0,0,2
"at://did:plc:5dspjwb4i2zoia5gb4jnvrsq/app.bsky.feed.post/3mwff5hl2qk25",1,"Cluster 1","canonical_unique_text",1,0,0,0,1
"at://did:plc:vjjiidurfgumg7bt32b6trma/app.bsky.feed.post/3mwfeykm6d22z",2,"Cluster 2","canonical_unique_text",1,1,0,0,2
"at://did:plc:tnszymuwepbvhdva2hvxxgns/app.bsky.feed.post/3mwfey6zou22d",1,"Cluster 1","canonical_unique_text",1,0,1,0,2
"at://did:plc:dtg2oeh4jj3lmbcxyxl6nm34/app.bsky.feed.post/3mwfeww3ki52d",1,"Cluster 1","canonical_unique_text",1,0,0,0,1
"at://did:plc:f5kqxrwn54heepse623xuyzp/app.bsky.feed.post/3mwfeuihdvs2i",1,"Cluster 1","canonical_unique_text",14,1,1,0,16
"at://did:plc:qav7qefkwb5cd6ti7fje4ozg/app.bsky.feed.post/3mwfeu4ifys2h",1,"Cluster 1","canonical_unique_text",0,0,0,0,0
"at://did:plc:2d75csnobiaekd7crnwnnw33/app.bsky.feed.post/3mwfeu2nyuc27",1,"Cluster 1","canonical_unique_text",4,0,1,0,5
"at://did:plc:n2spsii2ywzwdmwpfhsuhtcp/app.bsky.feed.post/3mwfeqil5pk22",1,"Cluster 1","canonical_unique_text",1,0,1,0,2
"at://did:plc:4skorxz2pwda334dvdtli243/app.bsky.feed.post/3mwfeovzwfv2n",2,"Cluster 2","canonical_unique_text",1,0,0,0,1
"at://did:plc:dwecjm5n7fyljcjk3vi7x5oa/app.bsky.feed.post/3mwfejbxtoz25",1,"Cluster 1","canonical_unique_text",0,0,0,0,0
"at://did:plc:nue3a4qhd2wheedhsniw66vu/app.bsky.feed.post/3mwfefddnsg2g",1,"Cluster 1","canonical_unique_text",0,0,0,0,0
"at://did:plc:mhqnbglrgmwiuz3kgexbi7uf/app.bsky.feed.post/3mwfe7m3x7l2m",7,"Cluster 7","canonical_unique_text",1,0,0,0,1
"at://did:plc:vra3q2dpsosx3kypujjdubwa/app.bsky.feed.post/3mwfdunscgs22",7,"Cluster 7","canonical_unique_text",2,0,0,0,2
"at://did:plc:4skorxz2pwda334dvdtli243/app.bsky.feed.post/3mwfdu2hnab23",2,"Cluster 2","canonical_unique_text",1,0,0,0,1
"at://did:plc:qb7uadxms7m5an7e3vmec4yc/app.bsky.feed.post/3mwfdtjml7t2h",1,"Cluster 1","canonical_unique_text",0,0,0,0,0
"at://did:plc:6rt2qgyrdbeq3e3mbixfohhw/app.bsky.feed.post/3mwfdsti4o222",1,"Cluster 1","canonical_unique_text",0,0,0,0,0
"at://did:plc:xtn5ccsmygqeyzqi7bdfnw3t/app.bsky.feed.post/3mwfdk2ub722o",1,"Cluster 1","canonical_unique_text",1,0,0,0,1
"at://did:plc:fbopx7qbxvwff6q36wgxmxra/app.bsky.feed.post/3mwfdf3ypek2f",1,"Cluster 1","canonical_unique_text",1,1,1,0,3
"at://did:plc:ursqag5rhlowpemgbxrmwus5/app.bsky.feed.post/3mwfdddxdfl2z",1,"Cluster 1","canonical_unique_text",0,0,0,0,0
"at://did:plc:towvio5xdx4nhryilc33vlnp/app.bsky.feed.post/3mwfdblss7j24",1,"Cluster 1","canonical_unique_text",1,0,0,0,1
"at://did:plc:sfkcevhd523gsdzo4tmr3rrs/app.bsky.feed.post/3mwfd6l4ox52l",1,"Cluster 1","canonical_unique_text",0,0,0,0,0
"at://did:plc:3zo55c3lx6mqq4hmgy25dqbc/app.bsky.feed.post/3mwfd4cpch22a",7,"Cluster 7","canonical_unique_text",0,0,0,0,0
"at://did:plc:3t7dx2twtix2qsq5ytyejeex/app.bsky.feed.post/3mwfd2vdams2e",5,"Cluster 5","canonical_unique_text",11,0,0,0,11
"at://did:plc:4skorxz2pwda334dvdtli243/app.bsky.feed.post/3mwfcz7qvx72g",2,"Cluster 2","canonical_unique_text",0,0,0,0,0
"at://did:plc:5r4san4smwimjzkdywsahir3/app.bsky.feed.post/3mwfcxz6zu22z",1,"Cluster 1","canonical_unique_text",0,0,1,0,1
"at://did:plc:udb5jti2clfctdgkslvke46g/app.bsky.feed.post/3mwfcx2lwbn23",7,"Cluster 7","canonical_unique_text",0,2,0,0,2
"at://did:plc:buw5et5rh73vx4ex2vvg3ykd/app.bsky.feed.post/3mwfcunrb2s2g",1,"Cluster 1","canonical_unique_text",3,0,0,0,3
"at://did:plc:4icrpzmw5r5puenhyh7b2wsl/app.bsky.feed.post/3mwfctv4sls2f",5,"Cluster 5","canonical_unique_text",22,1,0,0,23
"at://did:plc:l4l2shylrjyxurbrmxsxceyc/app.bsky.feed.post/3mwfctelack2b",7,"Cluster 7","canonical_unique_text",2,2,1,0,5
"at://did:plc:uyzpyopnkvyaytc4vcnhki4w/app.bsky.feed.post/3mwfcrswdgg2z",7,"Cluster 7","canonical_unique_text",0,0,0,0,0
"at://did:plc:xqybj2sjzs5ugjmefc2lio3o/app.bsky.feed.post/3mwfcqnpyna2r",7,"Cluster 7","canonical_unique_text",0,0,0,0,0
"at://did:plc:lc6hdhnjkgccd6ysi7e23pll/app.bsky.feed.post/3mwfcpv2ez42l",1,"Cluster 1","canonical_unique_text",0,1,0,0,1
"at://did:plc:rp3bjnjyybrzohzqvtldwyql/app.bsky.feed.post/3mwfcpe7g4c2n",1,"Cluster 1","canonical_unique_text",3,0,2,0,5
"at://did:plc:nme7p7zuk7iyvp44yag77mms/app.bsky.feed.post/3mwfciuhfrs2s",1,"Cluster 1","canonical_unique_text",6,0,2,0,8
"at://did:plc:z736vqqynnoe6dzfgs3cilvm/app.bsky.feed.post/3mwfciizlq223",1,"Cluster 1","canonical_unique_text",0,0,0,0,0
"at://did:plc:yitjux5wnswziabxdhvkydll/app.bsky.feed.post/3mwfcgx2yme2x",1,"Cluster 1","canonical_unique_text",0,0,0,0,0
"at://did:plc:jdnvygm6kzv5v4eoj5jb24jt/app.bsky.feed.post/3mwfcg4bal42x",7,"Cluster 7","canonical_unique_text",0,0,0,0,0
"at://did:plc:dtg2oeh4jj3lmbcxyxl6nm34/app.bsky.feed.post/3mwfcen6mq52d",2,"Cluster 2","canonical_unique_text",1,0,1,0,2
"at://did:plc:fiejksjmt7zltckdofzwgypz/app.bsky.feed.post/3mwfccsorqf2d",1,"Cluster 1","canonical_unique_text",0,0,0,0,0
"at://did:plc:ysvholm7eakrbtfdkvn74xkz/app.bsky.feed.post/3mwfcablh3c2v",1,"Cluster 1","canonical_unique_text",2,0,0,0,2
"at://did:plc:vlikst23ip72ibtfvyummryx/app.bsky.feed.post/3mwfc6j5chd2x",7,"Cluster 7","canonical_unique_text",0,0,0,0,0
"at://did:plc:4skorxz2pwda334dvdtli243/app.bsky.feed.post/3mwfc6fmija22",2,"Cluster 2","canonical_unique_text",0,0,0,0,0
"at://did:plc:cf2tzqft6bxm444wfs5eyoka/app.bsky.feed.post/3mwfbzuxwl22b",1,"Cluster 1","canonical_unique_text",2,2,0,0,4
"at://did:plc:o2bk7ssoh3giznqk5udey5wz/app.bsky.feed.post/3mwfbxiwekc2k",1,"Cluster 1","canonical_unique_text",0,0,0,0,0
"at://did:plc:kwjrzmhejkkmh7nzh6vyvumn/app.bsky.feed.post/3mwfbwlz5wh2u",1,"Cluster 1","canonical_unique_text",0,0,1,0,1
"at://did:plc:2dkt6jd7o3apvp5edpsn7gzz/app.bsky.feed.post/3mwfbqmxxk42z",7,"Cluster 7","canonical_unique_text",0,0,0,0,0
"at://did:plc:kuvyo6zejhimuipluwam742c/app.bsky.feed.post/3mwfbo5yh6c25",1,"Cluster 1","canonical_unique_text",3,1,0,0,4
"at://did:plc:odqwi5jy3dzgjknvdidajpi7/app.bsky.feed.post/3mwfbm62jh22z",1,"Cluster 1","canonical_unique_text",0,0,0,0,0
"at://did:plc:nl32untxngcg74dl3w7scd74/app.bsky.feed.post/3mwfbm4i34424",1,"Cluster 1","canonical_unique_text",16,5,3,0,24
"at://did:plc:p6ttpfryjfsc4hcb5qnwv7zp/app.bsky.feed.post/3mwfblgwkqc22",1,"Cluster 1","canonical_unique_text",0,0,0,0,0
"at://did:plc:mi4a7igcb3mnchhomfqkzsbt/app.bsky.feed.post/3mwfbkuieat2o",7,"Cluster 7","canonical_unique_text",0,0,0,0,0
"at://did:plc:lpcsumiee6obcimaqmtnaypr/app.bsky.feed.post/3mwfbk7msdp2e",7,"Cluster 7","canonical_unique_text",0,0,0,0,0
"at://did:plc:fveyynlevhhdhzu2etyjdncr/app.bsky.feed.post/3mwfbjzqzvk23",1,"Cluster 1","canonical_unique_text",1,0,0,0,1
"at://did:plc:zysbwg6enjz6hatjrdye6wuo/app.bsky.feed.post/3mwfbju65d22u",7,"Cluster 7","canonical_unique_text",1,0,0,0,1
"at://did:plc:2twfe4i3puel6ruapynerhfr/app.bsky.feed.post/3mwfbgwaass2c",5,"Cluster 5","canonical_unique_text",16,5,0,0,21
"at://did:plc:jtocuf6vsinb5jj6lpbix4gh/app.bsky.feed.post/3mwfbe27v3k2i",1,"Cluster 1","canonical_unique_text",3,0,0,0,3
"at://did:plc:4skorxz2pwda334dvdtli243/app.bsky.feed.post/3mwfbdmaba32m",2,"Cluster 2","canonical_unique_text",0,0,0,0,0
"at://did:plc:pjsoww3sj3c4o64egvwxj5j5/app.bsky.feed.post/3mwfb6mxfb22r",5,"Cluster 5","canonical_unique_text",2,0,0,0,2
"at://did:plc:ne7m7b4d5kh6olknylykzsvb/app.bsky.feed.post/3mwfb4g4leu25",7,"Cluster 7","canonical_unique_text",0,0,1,0,1
"at://did:plc:wmr6nx6bl2biemfsvbm3y54i/app.bsky.feed.post/3mwfb3lfdcr25",7,"Cluster 7","mapped_duplicate_text",0,0,0,0,0
"at://did:plc:toz4no26o2x4vsbum7cp4bxp/app.bsky.feed.post/3mwfbemybmf2l",7,"Cluster 7","canonical_unique_text",0,0,0,0,0
"at://did:plc:2twfe4i3puel6ruapynerhfr/app.bsky.feed.post/3mwfavcql5c2c",5,"Cluster 5","canonical_unique_text",13,4,1,0,18
"at://did:plc:n7dyjq4aai4euln75rsbqsoc/app.bsky.feed.post/3mwfatiyfk226",1,"Cluster 1","canonical_unique_text",0,0,0,0,0
"at://did:plc:rzsrhff53g7vimzjij4sq5jj/app.bsky.feed.post/3mwfateily22j",1,"Cluster 1","canonical_unique_text",0,0,0,0,0
"at://did:plc:77jjpththl7zquzf5tyzp3mj/app.bsky.feed.post/3mwfat3ju7223",1,"Cluster 1","canonical_unique_text",1,0,0,0,1
"at://did:plc:uec67uirpmfejpwaiyd3y662/app.bsky.feed.post/3mwfasxlja22o",7,"Cluster 7","canonical_unique_text",4,0,2,0,6
"at://did:plc:ozx7a7hgjw76o4tkmmeqm43v/app.bsky.feed.post/3mwfaq22bzkaz",1,"Cluster 1","canonical_unique_text",0,1,0,0,1
"at://did:plc:pfvzb6km3kbg22ih5dm6j7rp/app.bsky.feed.post/aly5rwlyqyj57",7,"Cluster 7","canonical_unique_text",0,0,0,0,0
"at://did:plc:gihtl26a2p3pi7tp6lm3fgqc/app.bsky.feed.post/3mwfaoqvu2c2c",1,"Cluster 1","canonical_unique_text",0,0,0,0,0
"at://did:plc:wifmgr7rfo6vxx5soqm4tqwe/app.bsky.feed.post/3mwfaomgudk2y",1,"Cluster 1","canonical_unique_text",0,0,0,0,0
"at://did:plc:abz5jua464266ongis2bb5qu/app.bsky.feed.post/3mwfao73tss27",1,"Cluster 1","canonical_unique_text",0,0,0,0,0
"at://did:plc:4skorxz2pwda334dvdtli243/app.bsky.feed.post/3mwfaiqqx332n",2,"Cluster 2","canonical_unique_text",0,0,0,0,0
"at://did:plc:dtg2oeh4jj3lmbcxyxl6nm34/app.bsky.feed.post/3mwfagqsjgp2l",7,"Cluster 7","canonical_unique_text",2,0,0,0,2
"at://did:plc:qdzhpxeql7myqv5j3jynm5ru/app.bsky.feed.post/3mwfafhdia22l",1,"Cluster 1","canonical_unique_text",1,0,1,0,2
"at://did:plc:yppg4l4jj4shsqmnbriraxsr/app.bsky.feed.post/3mwfaeyd73k2a",1,"Cluster 1","canonical_unique_text",0,0,1,0,1
"at://did:plc:c756axdgwnct3aeklhcmfyh6/app.bsky.feed.post/3mwfady5fmz2e",1,"Cluster 1","canonical_unique_text",0,0,0,0,0
"at://did:plc:izdo23j2fb75hmqqwetb7xcu/app.bsky.feed.post/3mwfacba7ik2f",1,"Cluster 1","canonical_unique_text",0,0,0,0,0
"at://did:plc:dm23ygqhglasejxum6fqjnip/app.bsky.feed.post/3mwfa7bnljc2t",1,"Cluster 1","canonical_unique_text",0,0,0,0,0
"at://did:plc:nholkjpsvwvakclastioah5x/app.bsky.feed.post/3mwfa6gif2s2r",1,"Cluster 1","canonical_unique_text",4,0,1,0,5
"at://did:plc:payuapqszsctf5qtj6hsa3jo/app.bsky.feed.post/3mwfa4zduhc2i",1,"Cluster 1","canonical_unique_text",9,0,0,0,9
"at://did:plc:f56tdscj5sygtpveic7dbenn/app.bsky.feed.post/3mwfa2or6gk2l",2,"Cluster 2","canonical_unique_text",0,0,0,0,0
"at://did:plc:7h5gromctlaqguvvp7grlyir/app.bsky.feed.post/3mwf7wb2nju24",7,"Cluster 7","canonical_unique_text",0,0,0,0,0
"at://did:plc:26vr2umerwllq4usgcp6yaxo/app.bsky.feed.post/3mwf7w2uadc2f",7,"Cluster 7","canonical_unique_text",1,0,0,0,1
"at://did:plc:p47dpw3eycwe4a75crgrntyi/app.bsky.feed.post/3mwf7qtsnqc2q",1,"Cluster 1","canonical_unique_text",10,2,2,0,14
"at://did:plc:c6ss2svc5w6v2bssrgoxnij3/app.bsky.feed.post/3mwf7qcc2bs2w",1,"Cluster 1","canonical_unique_text",1,0,1,0,2
"at://did:plc:4skorxz2pwda334dvdtli243/app.bsky.feed.post/3mwf7o52jqd2t",2,"Cluster 2","canonical_unique_text",0,0,0,0,0
"at://did:plc:en5gquqf4vplqxxohlysrwq3/app.bsky.feed.post/3mwf7k4wklc26",1,"Cluster 1","canonical_unique_text",6,0,2,0,8
"at://did:plc:toz4no26o2x4vsbum7cp4bxp/app.bsky.feed.post/3mwfbxalaor2v",7,"Cluster 7","canonical_unique_text",0,0,0,0,0
"at://did:plc:toz4no26o2x4vsbum7cp4bxp/app.bsky.feed.post/3mwfardqdkd2q",7,"Cluster 7","canonical_unique_text",0,0,0,0,0
"at://did:plc:heapztpinqu6li2vylxzvsxf/app.bsky.feed.post/3mwf7hibf7s2v",1,"Cluster 1","canonical_unique_text",0,0,0,0,0
"at://did:plc:icsgkevq6mfyuf5c357xc7dm/app.bsky.feed.post/3mwf7fwabjv23",1,"Cluster 1","canonical_unique_text",1,0,0,1,2
"at://did:plc:73vkh3bocvb6uewxbpmhay7d/app.bsky.feed.post/3mwf7ekq77m2a",1,"Cluster 1","canonical_unique_text",0,0,0,0,0
"at://did:plc:mixdef3ii3valysmar4uhuln/app.bsky.feed.post/3mwfm26fjpd26",1,"Cluster 1","canonical_unique_text",1,0,2,0,3
"at://did:plc:jlne5abw5rd6idkqbdjaetms/app.bsky.feed.post/3mwflgjmpik2b",1,"Cluster 1","canonical_unique_text",0,0,1,0,1
"at://did:plc:q6qpppx7vlcn6tx3det5uug3/app.bsky.feed.post/3mwfjtghq3c2g",1,"Cluster 1","canonical_unique_text",0,0,0,0,0
"at://did:plc:szuexwtbvf67y4uaakqa6oxh/app.bsky.feed.post/3mwfiasgcnx2i",1,"Cluster 1","canonical_unique_text",1,0,0,0,1
"at://did:plc:t2kptk3iqmlnhtay5ntb4vzf/app.bsky.feed.post/3mwfhvidrqk2i",1,"Cluster 1","canonical_unique_text",2,0,0,0,2
"at://did:plc:nl7alr2dg3ednb3my3p4kjnd/app.bsky.feed.post/3mwfh4g42ms2o",1,"Cluster 1","canonical_unique_text",0,0,1,0,1
"at://did:plc:c6ia7tkcqpj6srvkcgqklcw2/app.bsky.feed.post/3mwfggxp4rm2p",1,"Cluster 1","canonical_unique_text",0,0,0,0,0
"at://did:plc:n32l642bs2qtjzev73e6n5ci/app.bsky.feed.post/3mwff53uckk27",1,"Cluster 1","canonical_unique_text",1,1,1,0,3
"at://did:plc:i2cdevcbgte2xph5ihinjdj3/app.bsky.feed.post/3mwfe7nqe6k2q",1,"Cluster 1","canonical_unique_text",13,0,1,0,14
"at://did:plc:ytukmthy3xszqlkajl36wxkc/app.bsky.feed.post/3mwfd3tcdfl2z",1,"Cluster 1","canonical_unique_text",0,0,0,0,0
"at://did:plc:d3wzodyupaatb52obfwqbjpk/app.bsky.feed.post/3mwfc5rmhq72z",1,"Cluster 1","canonical_unique_text",0,0,0,0,0
"at://did:plc:vajmyvsn6mdtno7syoohffbs/app.bsky.feed.post/3mwfbvic5wk2x",1,"Cluster 1","canonical_unique_text",0,0,0,0,0
"at://did:plc:ikceylxgc7ddzaozxm6433q3/app.bsky.feed.post/3mwfazdqsns24",1,"Cluster 1","canonical_unique_text",2,0,1,0,3
"at://did:plc:xzfr42vp3kqqweypewdakya2/app.bsky.feed.post/3mwfatokgsk2g",1,"Cluster 1","canonical_unique_text",2,0,0,0,2
"at://did:plc:res4hdfrjfa7tp2rbggenaae/app.bsky.feed.post/3mwfacdvf3c2r",1,"Cluster 1","canonical_unique_text",1,0,0,0,1
"at://did:plc:zgcupvf5c6he2w4qufqd5xpp/app.bsky.feed.post/3mwfaaynf7b2k",3,"Cluster 3","canonical_unique_text",0,0,0,0,0
"at://did:plc:ec52ggxsh2hxm27vho3ab553/app.bsky.feed.post/3mwfa2ovnyc2f",1,"Cluster 1","canonical_unique_text",0,0,0,0,0
"at://did:plc:fjitg6lnlraf5zgxzmae2rd7/app.bsky.feed.post/3mwf7zrpamk2y",1,"Cluster 1","canonical_unique_text",5,0,0,0,5
"at://did:plc:v45qfiuww7hypch45c2zxrhg/app.bsky.feed.post/3mwf7dpstkc2j",1,"Cluster 1","canonical_unique_text",0,0,0,0,0
"at://did:plc:fjktqb5t3hsfdomybxsmz2yz/app.bsky.feed.post/3mwf753tg6k2r",1,"Cluster 1","canonical_unique_text",0,0,0,0,0
"at://did:plc:odpnddbyfyecjovczxaoxrsz/app.bsky.feed.post/3mwf6zkx5tj24",1,"Cluster 1","canonical_unique_text",0,0,0,0,0
"at://did:plc:spxpslnaahdrez5zg2knsz7y/app.bsky.feed.post/3mwf6lqtzfk2h",1,"Cluster 1","canonical_unique_text",8,0,1,0,9
"at://did:plc:umzk2tmgamrlkhahhb4z4sqr/app.bsky.feed.post/3mwf6kgxc3c2h",1,"Cluster 1","canonical_unique_text",1,0,0,0,1
"at://did:plc:rraxhqxy4aozf3gftmfq3dmj/app.bsky.feed.post/3mwf6hhyffi23",1,"Cluster 1","canonical_unique_text",0,0,0,0,0
"at://did:plc:kp7ngjkc236zhqwtjzdvhlyh/app.bsky.feed.post/3mwf6cifnwc2f",1,"Cluster 1","canonical_unique_text",1,0,0,0,1
"at://did:plc:5alsxyg2nbi5322otfcnfmf5/app.bsky.feed.post/3mwf6b5cedu2w",1,"Cluster 1","canonical_unique_text",0,0,0,0,0
"at://did:plc:2nhny66zt6xerutuuntfuswm/app.bsky.feed.post/3mwf65pgdjs2b",1,"Cluster 1","canonical_unique_text",1,0,2,0,3
"at://did:plc:dxmjk45mj55bec6wlfyifqp5/app.bsky.feed.post/3mwf5yzjmg22e",1,"Cluster 1","canonical_unique_text",1,0,1,0,2
"at://did:plc:uc6xfc2fyn7z3mk56vkroall/app.bsky.feed.post/3mwf4z3x2r22r",1,"Cluster 1","canonical_unique_text",1,0,1,0,2
"at://did:plc:tjrgt53an6xdet6o6niobzpe/app.bsky.feed.post/3mwf4no6vkk2a",1,"Cluster 1","canonical_unique_text",0,0,0,0,0
"at://did:plc:uc6xfc2fyn7z3mk56vkroall/app.bsky.feed.post/3mwf4j2hfbs2m",1,"Cluster 1","canonical_unique_text",1,0,0,0,1
"at://did:plc:lc6hdhnjkgccd6ysi7e23pll/app.bsky.feed.post/3mwf4c5hk4e2s",1,"Cluster 1","canonical_unique_text",0,0,0,0,0
"at://did:plc:uc6xfc2fyn7z3mk56vkroall/app.bsky.feed.post/3mwf43nvvas2m",1,"Cluster 1","canonical_unique_text",1,0,1,0,2
"at://did:plc:gt4mjfs3b53jrppko5mh7anx/app.bsky.feed.post/3mwf3xjr3xk2l",1,"Cluster 1","canonical_unique_text",2,0,0,0,2
"at://did:plc:xsvr7arkt54arqnqo3iynioo/app.bsky.feed.post/3mwf3hp5o6t24",1,"Cluster 1","canonical_unique_text",0,0,0,0,0
"at://did:plc:rtkfirc5m3n3pqfmva7ldhiq/app.bsky.feed.post/3mwf3hqgek62h",1,"Cluster 1","canonical_unique_text",0,0,0,0,0
"at://did:plc:rtkfirc5m3n3pqfmva7ldhiq/app.bsky.feed.post/3mwf3hnzsrn2n",1,"Cluster 1","canonical_unique_text",0,0,0,0,0
"at://did:plc:zwjhnwkjjwqfcwtijk5pyujl/app.bsky.feed.post/3mwf3hdnttc2d",1,"Cluster 1","canonical_unique_text",0,0,0,0,0
"at://did:plc:rxtktyhscq3yykf6sldmc7ft/app.bsky.feed.post/3mwf32yyqfc2q",1,"Cluster 1","canonical_unique_text",0,0,0,0,0
"at://did:plc:5zww7zorx2ajw7hqrhuix3ba/app.bsky.feed.post/3mwf326da7x2s",1,"Cluster 1","canonical_unique_text",0,0,0,0,0
"at://did:plc:yvaukf3rveoai7k72inajzhv/app.bsky.feed.post/3mwf2vqwu7224",1,"Cluster 1","canonical_unique_text",4,1,0,0,5
"at://did:plc:vogte65axm52kf7as66hb7og/app.bsky.feed.post/3mwf2va6px22d",1,"Cluster 1","canonical_unique_text",1,0,1,0,2
"at://did:plc:5zww7zorx2ajw7hqrhuix3ba/app.bsky.feed.post/3mwf2cbqwcm27",1,"Cluster 1","canonical_unique_text",0,0,0,0,0
"at://did:plc:ha4gmmdxg6h2prjjltwwcmds/app.bsky.feed.post/3mwf2b4qeds2w",1,"Cluster 1","canonical_unique_text",14,0,1,0,15
"at://did:plc:uufz3dvrdnbm6ptii46y7j7u/app.bsky.feed.post/3mwf25h4f3c2l",1,"Cluster 1","canonical_unique_text",8,2,0,0,10
"at://did:plc:uc6xfc2fyn7z3mk56vkroall/app.bsky.feed.post/3mwf235hpyk2x",1,"Cluster 1","canonical_unique_text",2,0,0,0,2
"at://did:plc:ec52ggxsh2hxm27vho3ab553/app.bsky.feed.post/3mwezqvn2t225",1,"Cluster 1","canonical_unique_text",0,0,0,0,0
"at://did:plc:6zdviumbg4zljcr53xufmiar/app.bsky.feed.post/3mwezjl3vrs2o",1,"Cluster 1","canonical_unique_text",2,0,0,0,2
"at://did:plc:sfvmxfq5xbg7csu2su7rphi6/app.bsky.feed.post/3mwezisxc5k2m",1,"Cluster 1","canonical_unique_text",1,0,0,0,1
"at://did:plc:sfvmxfq5xbg7csu2su7rphi6/app.bsky.feed.post/3mwezifpoic2m",1,"Cluster 1","mapped_duplicate_text",1,0,0,0,1
"at://did:plc:sycz22ye52cejfu4zsftv3ad/app.bsky.feed.post/3mwezg3huwg2d",1,"Cluster 1","canonical_unique_text",0,0,0,0,0
"at://did:plc:sycz22ye52cejfu4zsftv3ad/app.bsky.feed.post/3mwezfnnhjy27",1,"Cluster 1","canonical_unique_text",0,0,0,0,0
"at://did:plc:eeyzv4thx5r4oeqizxc63tev/app.bsky.feed.post/3mwezfejseu2i",1,"Cluster 1","canonical_unique_text",3,0,0,0,3
"at://did:plc:f6op6gjqeqa3kcns5wgnpj3m/app.bsky.feed.post/3mweyuhtxfk2b",1,"Cluster 1","canonical_unique_text",0,0,0,0,0
"at://did:plc:2j6dznyckhp42qxhemxrsy5f/app.bsky.feed.post/3mweyscmnqu24",1,"Cluster 1","canonical_unique_text",0,0,0,0,0
"at://did:plc:2j6dznyckhp42qxhemxrsy5f/app.bsky.feed.post/3mweys3wdjx2t",1,"Cluster 1","canonical_unique_text",0,0,1,0,1
"at://did:plc:6qdzd3cioxjvu3qser2exyrw/app.bsky.feed.post/3mweyqev5ac2v",1,"Cluster 1","canonical_unique_text",2,0,0,0,2
"at://did:plc:rwvx7nvhwavvyi75m43lup6z/app.bsky.feed.post/3mweylbo3k22s",1,"Cluster 1","canonical_unique_text",9,1,0,0,10
"at://did:plc:rwvx7nvhwavvyi75m43lup6z/app.bsky.feed.post/3mweyl2j5ek2s",1,"Cluster 1","canonical_unique_text",11,0,1,0,12
"at://did:plc:kga24gjnprdjuvam52saqasp/app.bsky.feed.post/3mweyinbfo22x",1,"Cluster 1","canonical_unique_text",0,0,0,0,0
"at://did:plc:ypa7qpkrnl2zigcxwmkhuuup/app.bsky.feed.post/3mwexkl4hl22a",1,"Cluster 1","canonical_unique_text",1,0,0,0,1
"at://did:plc:warnbqjj74ybzvwushxjl74t/app.bsky.feed.post/3mwewycqoyk2h",1,"Cluster 1","canonical_unique_text",24,0,2,0,26
"at://did:plc:53sujqlhlb565pvbv6q5stzp/app.bsky.feed.post/3mwewssn63c2q",1,"Cluster 1","canonical_unique_text",0,0,1,0,1
"at://did:plc:usldrq5nl7cazhcvjswhyby7/app.bsky.feed.post/3mwewkxocrk22",1,"Cluster 1","canonical_unique_text",3,0,0,0,3
"at://did:plc:gajxzrnoxaiwex6esujq3lvz/app.bsky.feed.post/3mwevsiiztk2l",1,"Cluster 1","canonical_unique_text",3,0,0,0,3
"at://did:plc:h2dzwjvil6cz4mwpm3onklyy/app.bsky.feed.post/3mwevq5stj22s",1,"Cluster 1","canonical_unique_text",0,0,0,0,0
"at://did:plc:r6nmrtup3g4xwdk4sgw2k2z5/app.bsky.feed.post/3mwevoemp2k2t",1,"Cluster 1","canonical_unique_text",3,0,0,1,4
"at://did:plc:gltra7yrtt25mr25pf4fezoz/app.bsky.feed.post/3mwevm6lch22w",1,"Cluster 1","canonical_unique_text",0,0,0,0,0
"at://did:plc:dob3mydwxaobo3hjyomtrvbl/app.bsky.feed.post/3mwev64cckk2k",1,"Cluster 1","canonical_unique_text",9,0,0,0,9
"at://did:plc:yim7igjsj4xvg4xwiy4ta5vt/app.bsky.feed.post/3mweuqpt4qk2s",1,"Cluster 1","canonical_unique_text",0,0,0,0,0
"at://did:plc:jzjlcv3dtmq3hj4ou52nr7zu/app.bsky.feed.post/3mweueieft52y",1,"Cluster 1","canonical_unique_text",1,0,0,0,1
"at://did:plc:e677ngrltwpefgrfgwh5kf4i/app.bsky.feed.post/3mweu7o4vq22y",1,"Cluster 1","canonical_unique_text",0,0,0,0,0
"at://did:plc:4rtqhrnhv43afps4rapzig75/app.bsky.feed.post/3mweu5sdde22y",1,"Cluster 1","canonical_unique_text",2,0,0,0,2
"at://did:plc:rs4ebve2bdu63hjfrqutcz3o/app.bsky.feed.post/3mweu52cays2i",1,"Cluster 1","canonical_unique_text",3,0,0,0,3
"at://did:plc:hxncmsbjayftx2xncvs4xg54/app.bsky.feed.post/3mwetrbm3ct2s",1,"Cluster 1","canonical_unique_text",0,0,0,0,0
"at://did:plc:t5u7f24nby5aawxnzjzj2afh/app.bsky.feed.post/3mwetgypggc2t",1,"Cluster 1","canonical_unique_text",0,0,0,0,0
"at://did:plc:t5u7f24nby5aawxnzjzj2afh/app.bsky.feed.post/3mwetgpb3cx26",1,"Cluster 1","canonical_unique_text",0,0,1,0,1
"at://did:plc:wo66let6dugmnvcderiki3ir/app.bsky.feed.post/3mwetbbklfaj2",1,"Cluster 1","canonical_unique_text",0,0,0,0,0
"at://did:plc:wegwfz3gsd54zuvnda6egfky/app.bsky.feed.post/3mwetaz3hv227",1,"Cluster 1","canonical_unique_text",0,0,1,0,1
"at://did:plc:mmxajxfql6sy3d34mavtdtra/app.bsky.feed.post/3mwet4fjwzc2v",1,"Cluster 1","canonical_unique_text",1,0,0,0,1
"at://did:plc:lineyodgwtbvs6djim67kjgt/app.bsky.feed.post/3mweswf2rbc2v",1,"Cluster 1","canonical_unique_text",0,0,0,0,0
"at://did:plc:7v3menwx74skirmpd47pe47g/app.bsky.feed.post/3mwessl4ryc2d",1,"Cluster 1","canonical_unique_text",3,2,0,0,5
"at://did:plc:ujsxevdib7jnf3cb6eb27p5c/app.bsky.feed.post/3mwesevi5kc2m",1,"Cluster 1","canonical_unique_text",13,3,0,1,17
"at://did:plc:sgfpoxkselmtqntpk4hbym26/app.bsky.feed.post/3mwes4ci6w22b",1,"Cluster 1","canonical_unique_text",16,3,6,0,25
"at://did:plc:gqglgo3avou4iczz6b4uwze7/app.bsky.feed.post/3mwes2slkxs2i",1,"Cluster 1","canonical_unique_text",0,0,0,0,0
"at://did:plc:guiqa7we62adfg3bsx6vlbpt/app.bsky.feed.post/3mwerw4xn422e",1,"Cluster 1","canonical_unique_text",8,1,3,0,12
"at://did:plc:l4ri4xjdgjyxwxh3yzpxii7m/app.bsky.feed.post/3mwervvw74s2l",1,"Cluster 1","canonical_unique_text",1,0,0,0,1
"at://did:plc:rtkfirc5m3n3pqfmva7ldhiq/app.bsky.feed.post/3mwerfuspbj2t",1,"Cluster 1","canonical_unique_text",0,0,0,0,0
"at://did:plc:rtkfirc5m3n3pqfmva7ldhiq/app.bsky.feed.post/3mwerfspz7426",1,"Cluster 1","canonical_unique_text",0,0,0,0,0
"at://did:plc:3spasscg4r6q3vomj4sqc2ud/app.bsky.feed.post/3mwerak7ruc25",1,"Cluster 1","canonical_unique_text",2,0,0,0,2
"at://did:plc:xbh36dwbaymoihiybrcs3h7o/app.bsky.feed.post/3mwer4xca7s2q",1,"Cluster 1","canonical_unique_text",1,0,0,0,1
"at://did:plc:65utjgikjbdwjwbbo4hz6m6a/app.bsky.feed.post/3mwer4qhj722u",1,"Cluster 1","canonical_unique_text",0,0,0,0,0
"at://did:plc:vp3irkl7h5mcc55ny7fdxa33/app.bsky.feed.post/3mwexkx6pwc2v",1,"Cluster 1","canonical_unique_text",0,0,0,0,0
"at://did:plc:q3g7obsrfl5nigjuqlnbmfan/app.bsky.feed.post/3mweqveyh4s22",1,"Cluster 1","mapped_duplicate_text",0,0,0,0,0
"at://did:plc:orjbkrryofq3bb6gtbt2tcz7/app.bsky.feed.post/3mwequxkidk24",1,"Cluster 1","canonical_unique_text",2,0,0,0,2
"at://did:plc:yx2kdecunax3u2ykbyxu7f3w/app.bsky.feed.post/3mweqsyzlzc2l",1,"Cluster 1","canonical_unique_text",6,0,2,0,8
"at://did:plc:pcievrygrnjjg5ni7mjfgctb/app.bsky.feed.post/3mweqlbsduc2d",1,"Cluster 1","canonical_unique_text",0,0,0,0,0
"at://did:plc:wvauhk2kzu5qxtemqvpkqk2e/app.bsky.feed.post/3mweqixtud22a",1,"Cluster 1","canonical_unique_text",26,9,2,3,40
"at://did:plc:d3rszjnyswbycgmqxruhqylj/app.bsky.feed.post/3mweqggpn7s2n",1,"Cluster 1","canonical_unique_text",9,0,1,0,10
"at://did:plc:whnmefucwu3xixvcygl2ppgv/app.bsky.feed.post/3mweqbyclzk22",1,"Cluster 1","canonical_unique_text",0,0,1,1,2
"at://did:plc:fheqnc63tx7el54cbi4xa2wc/app.bsky.feed.post/3mwepntddxs2w",1,"Cluster 1","canonical_unique_text",2,0,1,0,3
"at://did:plc:2hhz3iikioelixxe73cdxxuu/app.bsky.feed.post/3mwepi5xci22p",1,"Cluster 1","canonical_unique_text",1,0,0,0,1
"at://did:plc:5j6cqgersfkfvh4dugc3hsfo/app.bsky.feed.post/3mwepcznmf22e",1,"Cluster 1","canonical_unique_text",0,0,0,0,0
"at://did:plc:ocpuxu5mc5ix3zxfsj2yc3qk/app.bsky.feed.post/3mwepasrfx42i",1,"Cluster 1","canonical_unique_text",0,0,0,0,0
"at://did:plc:goqysixcigiendphozhhg5ch/app.bsky.feed.post/3mwep4bx5i22w",1,"Cluster 1","canonical_unique_text",1,1,0,0,2
"at://did:plc:p3dey7reexgo7k6kuyzsl22d/app.bsky.feed.post/3mweowohxas2i",1,"Cluster 1","canonical_unique_text",0,0,1,0,1
"at://did:plc:ys2kg6u42mryg4flxgsvegfk/app.bsky.feed.post/3mweowes2b22t",1,"Cluster 1","canonical_unique_text",6,3,0,0,9
"at://did:plc:szuexwtbvf67y4uaakqa6oxh/app.bsky.feed.post/3mweovgqwye2p",1,"Cluster 1","canonical_unique_text",0,0,0,0,0
"at://did:plc:5gdytfs5l5aebari5gxekohq/app.bsky.feed.post/3mweoq67enk23",1,"Cluster 1","canonical_unique_text",3,0,3,0,6
"at://did:plc:ay3okwl4y4wttzmnob2fai4i/app.bsky.feed.post/3mweoiqnzic2j",1,"Cluster 1","canonical_unique_text",5,1,1,0,7
"at://did:plc:46wksdtxjwkta5e6igtlf375/app.bsky.feed.post/3mweoh5dwmc2d",1,"Cluster 1","canonical_unique_text",0,0,0,0,0
"at://did:plc:nhsc5dje2rzkmt6itwhzm7xs/app.bsky.feed.post/3mweodetwz22m",1,"Cluster 1","canonical_unique_text",2,0,0,0,2
"at://did:plc:judw3bw3dizhto3imuravdlk/app.bsky.feed.post/3mweo4f3p3c22",1,"Cluster 1","canonical_unique_text",0,0,0,0,0
"at://did:plc:uanjz2fsrry4qrqzcv76yl6i/app.bsky.feed.post/3mweo46zxon27",1,"Cluster 1","canonical_unique_text",1,0,0,0,1
"at://did:plc:3bxtpdpr73tf7tldv5q4oyqc/app.bsky.feed.post/3mweo227mg42w",1,"Cluster 1","canonical_unique_text",0,0,5,0,5
"at://did:plc:ylzcyi3glonn4teveqvggsdj/app.bsky.feed.post/3mwenhi4mpk25",1,"Cluster 1","canonical_unique_text",0,0,1,0,1
"at://did:plc:44dua6c7pilra3be6fj6gqi6/app.bsky.feed.post/3mwen5hbmrc2a",1,"Cluster 1","canonical_unique_text",1,0,0,0,1
"at://did:plc:gluwwwz7cuk34rhioescjb5o/app.bsky.feed.post/3mwemyipshk2c",1,"Cluster 1","canonical_unique_text",0,0,0,0,0
"at://did:plc:5xztkgkhcqqvemg2ch556btq/app.bsky.feed.post/3mweml3lppd2t",1,"Cluster 1","canonical_unique_text",1,0,0,0,1
"at://did:plc:lc6hdhnjkgccd6ysi7e23pll/app.bsky.feed.post/3mwemdakpnm2r",1,"Cluster 1","canonical_unique_text",1,0,0,0,1
"at://did:plc:l4ri4xjdgjyxwxh3yzpxii7m/app.bsky.feed.post/3mwemaykapi2u",1,"Cluster 1","mapped_duplicate_text",2,0,1,0,3
"at://did:plc:y2dbjndavcz77bdazvlbuh6p/app.bsky.feed.post/3mwelmseas72x",1,"Cluster 1","canonical_unique_text",0,0,0,0,0
"at://did:plc:cgfdjbidglgb36lk6ipiyg23/app.bsky.feed.post/3mweleop6h622",1,"Cluster 1","canonical_unique_text",1,0,0,0,1
"at://did:plc:w2rubwwyrxgf77rznnsgv5zg/app.bsky.feed.post/3mwel756ydk2l",1,"Cluster 1","canonical_unique_text",2,1,0,0,3
"at://did:plc:q7haziumu2lpofxnhcdhfnag/app.bsky.feed.post/3mwekspmsij22",1,"Cluster 1","canonical_unique_text",0,0,0,0,0
"at://did:plc:q6ayd6ksw6a7gmayuaaym23h/app.bsky.feed.post/3mwekrkgmzk2r",1,"Cluster 1","canonical_unique_text",1,0,0,0,1
"at://did:plc:tdj5ie3dprhi242wsd7ykk7k/app.bsky.feed.post/3mwekpepydc2p",1,"Cluster 1","canonical_unique_text",1,2,0,0,3
"at://did:plc:3ykz2nhkt6qvto64omgj7ep2/app.bsky.feed.post/3mwekoeeuln22",4,"Cluster 4","canonical_unique_text",0,0,0,0,0
"at://did:plc:hw2foqzkztxlfpvim74y3lgn/app.bsky.feed.post/3mwekh5oeary2",1,"Cluster 1","canonical_unique_text",0,0,0,0,0
"at://did:plc:65pumqeeewslmht3l36liiii/app.bsky.feed.post/3mwekgf3k6c2a",1,"Cluster 1","canonical_unique_text",1,0,0,0,1
"at://did:plc:6rdthm3ihpqfd7vn2q2ktjrz/app.bsky.feed.post/3mwekfku3uk2t",1,"Cluster 1","canonical_unique_text",3,0,0,0,3
"at://did:plc:eocc4fit7phm6aprv43unadx/app.bsky.feed.post/3mweke3lbpk2x",1,"Cluster 1","canonical_unique_text",0,0,0,0,0
"at://did:plc:fyqxzbe5rnnbylg6n6pm2ssj/app.bsky.feed.post/3mwek53xief2a",1,"Cluster 1","canonical_unique_text",2,0,0,0,2
"at://did:plc:z5jvf3ogu5jmlwrjygs72fmd/app.bsky.feed.post/3mwek22yw522l",1,"Cluster 1","canonical_unique_text",0,0,0,0,0
"at://did:plc:uqlcuhjqgveqjwjw7oysa3yy/app.bsky.feed.post/3mwejza6j6w2u",1,"Cluster 1","canonical_unique_text",0,0,0,0,0
"at://did:plc:rxtknc5m5ixmscnq3xdamqxc/app.bsky.feed.post/3mwejn53szp2o",1,"Cluster 1","canonical_unique_text",0,0,0,0,0
"at://did:plc:zh6joxbagyrpe2sapdwlxdzp/app.bsky.feed.post/3mwejn3fwqs2v",1,"Cluster 1","canonical_unique_text",8,0,1,0,9
"at://did:plc:kfd7vr5jnszt22nr6pxthkoa/app.bsky.feed.post/3mwejdylk2s2i",1,"Cluster 1","canonical_unique_text",6,2,1,1,10
"at://did:plc:flii7bhx25mu2hjeqva6cs2n/app.bsky.feed.post/3mwejboapyk2p",1,"Cluster 1","canonical_unique_text",0,0,0,0,0
"at://did:plc:d3wzodyupaatb52obfwqbjpk/app.bsky.feed.post/3mwekoqt2oy2d",1,"Cluster 1","canonical_unique_text",1,0,0,0,1
"at://did:plc:47xakgpkntuagtl33pxf4dcl/app.bsky.feed.post/3mweitrw2c22l",1,"Cluster 1","canonical_unique_text",0,0,0,0,0
"at://did:plc:d3wzodyupaatb52obfwqbjpk/app.bsky.feed.post/3mweiz4flch2v",1,"Cluster 1","canonical_unique_text",0,0,0,0,0
"at://did:plc:h6p2knkmlwseg6pf7uxvzqnz/app.bsky.feed.post/3mweipvrnqc2k",1,"Cluster 1","canonical_unique_text",14,3,0,0,17
"at://did:plc:ll2t32wq6gvr5zv4xdkx7qeo/app.bsky.feed.post/3mweibuehy62x",1,"Cluster 1","canonical_unique_text",0,0,0,0,0
"at://did:plc:jlf6u3amiq5qgpwtiyedp7os/app.bsky.feed.post/3mwei73aj7q2f",1,"Cluster 1","canonical_unique_text",0,0,0,0,0
"at://did:plc:lvfsu3vsz5wirnzeqjlncvji/app.bsky.feed.post/3mwei6zm5jh27",1,"Cluster 1","mapped_duplicate_text",0,0,0,0,0
"at://did:plc:iw5qaond4yx347zpux7modm2/app.bsky.feed.post/3mwehtmzwns24",1,"Cluster 1","canonical_unique_text",0,0,0,0,0
"at://did:plc:3tiss4hfnm6zmsswxbkuh5on/app.bsky.feed.post/3mwehqyo35k2y",1,"Cluster 1","canonical_unique_text",0,0,0,0,0
"at://did:plc:szuexwtbvf67y4uaakqa6oxh/app.bsky.feed.post/3mwehpi4u4o2h",1,"Cluster 1","canonical_unique_text",0,0,0,0,0
"at://did:plc:l5mibzrg5hmqh4gvgas27cgk/app.bsky.feed.post/3mwehikcw5a2r",1,"Cluster 1","canonical_unique_text",0,0,1,0,1
"at://did:plc:55od6l4czvsphepdceb5qk7e/app.bsky.feed.post/3mwehg46ceu2d",1,"Cluster 1","canonical_unique_text",21,3,2,0,26
"at://did:plc:4w7jzkpdswrg7tf4azxu3gsc/app.bsky.feed.post/3mwehfhab3e2o",1,"Cluster 1","canonical_unique_text",0,0,0,0,0
"at://did:plc:cqphvx5zcge7hvjxv6xhu2x2/app.bsky.feed.post/3mwegulszwd2z",1,"Cluster 1","canonical_unique_text",8,1,1,0,10
"at://did:plc:cqphvx5zcge7hvjxv6xhu2x2/app.bsky.feed.post/3mwegulsyx22z",1,"Cluster 1","canonical_unique_text",7,0,1,0,8
"at://did:plc:ijxkdb2iizz74vjzq4xwm7bb/app.bsky.feed.post/3mwegsierhs2o",1,"Cluster 1","canonical_unique_text",0,0,0,0,0
"at://did:plc:zxu4iolqphoz7yqiyxv2ur72/app.bsky.feed.post/3mwegpwvul2ty",1,"Cluster 1","canonical_unique_text",9,2,0,0,11
"at://did:plc:rhkcyc46ubi523e47bhnkpbb/app.bsky.feed.post/3mwegnk44v42r",1,"Cluster 1","canonical_unique_text",0,1,0,0,1
"at://did:plc:daexpe52ebb4bwh3ybzyvmkz/app.bsky.feed.post/3mwegagnbhu2o",1,"Cluster 1","canonical_unique_text",1,0,0,0,1
"at://did:plc:rbabliwvqexlbfwmfqqhcuvj/app.bsky.feed.post/3mweg7licms25",1,"Cluster 1","canonical_unique_text",1,0,0,0,1
"at://did:plc:b4uy27m65p253a26tisdn7jt/app.bsky.feed.post/3mweg26cbjc2a",1,"Cluster 1","canonical_unique_text",0,0,0,0,0
"at://did:plc:k343p4pj6v7njacvqmathszv/app.bsky.feed.post/3mwefzevwnb62",1,"Cluster 1","canonical_unique_text",1,0,1,0,2
"at://did:plc:dxwteadm2jjwxumwcmq7oxsp/app.bsky.feed.post/3mwefzccysp2h",1,"Cluster 1","canonical_unique_text",0,0,0,0,0
"at://did:plc:wfn35dbu44wxf7o6wyrqzi4l/app.bsky.feed.post/3mwefr6y3nk2q",1,"Cluster 1","canonical_unique_text",1,0,1,0,2
"at://did:plc:gfnm5dba44ykb4wqzr7octfx/app.bsky.feed.post/3mwefoenrg22b",1,"Cluster 1","canonical_unique_text",62,14,2,0,78
"at://did:plc:3tiss4hfnm6zmsswxbkuh5on/app.bsky.feed.post/3mwefmgngfc2a",1,"Cluster 1","canonical_unique_text",3,0,0,1,4
"at://did:plc:daexpe52ebb4bwh3ybzyvmkz/app.bsky.feed.post/3mwefi6pkmw24",1,"Cluster 1","canonical_unique_text",0,0,0,0,0
"at://did:plc:nh5rjtg2hqp4ng4uobqywq4n/app.bsky.feed.post/3mwefi5nib22j",1,"Cluster 1","canonical_unique_text",0,0,0,0,0
"at://did:plc:hpnbs37onkidy2podxpqtvc3/app.bsky.feed.post/3mwefhelwts2r",1,"Cluster 1","canonical_unique_text",2,0,0,0,2
"at://did:plc:5mygsj6el6l2mjsn7jfcqf72/app.bsky.feed.post/3mwefdsnvqr2u",1,"Cluster 1","canonical_unique_text",0,0,0,0,0
"at://did:plc:3tiss4hfnm6zmsswxbkuh5on/app.bsky.feed.post/3mwefbs42l22v",1,"Cluster 1","canonical_unique_text",1,0,1,1,3
"at://did:plc:jh5upz2wdgq4h45milr2dct4/app.bsky.feed.post/3mweevnjlas2s",1,"Cluster 1","mapped_duplicate_text",0,0,0,0,0
"at://did:plc:5rxcpjus3ple6jpbuafvm4og/app.bsky.feed.post/3mweetfehnk2s",1,"Cluster 1","canonical_unique_text",84,11,1,0,96
"at://did:plc:5rxcpjus3ple6jpbuafvm4og/app.bsky.feed.post/3mweeqklyc22s",1,"Cluster 1","canonical_unique_text",82,15,1,0,98
"at://did:plc:yhpxjxr45vhfid7j6u4lzvrs/app.bsky.feed.post/3mweeqjgstk2n",1,"Cluster 1","canonical_unique_text",1,0,1,0,2
"at://did:plc:ufxbr6wyteib5wn3eanojfw6/app.bsky.feed.post/3mweelnrqck2w",1,"Cluster 1","canonical_unique_text",3,0,0,0,3
"at://did:plc:5rxcpjus3ple6jpbuafvm4og/app.bsky.feed.post/3mweejem4o22s",1,"Cluster 1","canonical_unique_text",133,37,1,2,173
"at://did:plc:tpa3sytpyomw76faygbhgcst/app.bsky.feed.post/3mweebhfy4c25",1,"Cluster 1","canonical_unique_text",1,0,0,0,1
"at://did:plc:4aeinxjwao74le6dktiiyxg4/app.bsky.feed.post/3mwedyos4es2c",1,"Cluster 1","canonical_unique_text",0,0,0,0,0
"at://did:plc:5rxcpjus3ple6jpbuafvm4og/app.bsky.feed.post/3mwedwodawc2s",1,"Cluster 1","canonical_unique_text",1169,385,19,26,1599
"at://did:plc:hsb7jyeaokjdhgvbuprlbqip/app.bsky.feed.post/3mwedw32br22w",1,"Cluster 1","canonical_unique_text",0,0,0,0,0
"at://did:plc:hd6roxnoffbrfbprybbtbpqf/app.bsky.feed.post/3mwedvxr7hcrg",1,"Cluster 1","canonical_unique_text",3,1,0,0,4
"at://did:plc:7ttvmjhmf6bkjmz2hjgrgxu7/app.bsky.feed.post/3mwedux6hc225",1,"Cluster 1","canonical_unique_text",0,0,0,0,0
"at://did:plc:rlp6vonup5dhyeowkbpghorn/app.bsky.feed.post/3mwedmpf57s2y",1,"Cluster 1","canonical_unique_text",24,3,0,0,27
"at://did:plc:5buo4cpel363smw7lplom7du/app.bsky.feed.post/3mwedcqf3yk2i",1,"Cluster 1","canonical_unique_text",1,1,0,0,2
"at://did:plc:civcyncobkareoikvyxjgsoy/app.bsky.feed.post/3mwecxmzeif26",1,"Cluster 1","canonical_unique_text",0,0,1,0,1
"at://did:plc:gt4pe4tizjbiotzikagf4n7w/app.bsky.feed.post/3mwecwptmm22p",1,"Cluster 1","mapped_duplicate_text",0,0,0,0,0
"at://did:plc:fqgl2lov4kiox5rrrivgfuqh/app.bsky.feed.post/3mwecvemyll26",1,"Cluster 1","canonical_unique_text",5,0,1,0,6
"at://did:plc:uy6mloyr37qtcdml3bq6a6o4/app.bsky.feed.post/3mweck4oyc22c",1,"Cluster 1","canonical_unique_text",74,52,3,5,134
"at://did:plc:eicxbqyadpd5r6g64qe2josj/app.bsky.feed.post/3mwecciwmxk2g",1,"Cluster 1","canonical_unique_text",0,0,1,0,1
"at://did:plc:7qoedw2xxur2z3ittkqgoy37/app.bsky.feed.post/3mwec5jixzs22",1,"Cluster 1","canonical_unique_text",0,1,0,0,1
"at://did:plc:lc6hdhnjkgccd6ysi7e23pll/app.bsky.feed.post/3mwebzqz2xb2b",1,"Cluster 1","canonical_unique_text",0,0,0,0,0
"at://did:plc:b7r3dlhlbig6uwcpvnl6y5pr/app.bsky.feed.post/3mwebrphqpc2g",1,"Cluster 1","canonical_unique_text",8,2,0,0,10
"at://did:plc:kfxcudujhmwjknb377p5y7p3/app.bsky.feed.post/3mwebnameuz2o",1,"Cluster 1","canonical_unique_text",0,0,0,0,0
"at://did:plc:axhnqlsxid57vpddi23bvxkw/app.bsky.feed.post/3mwebgedrtk22",1,"Cluster 1","mapped_duplicate_text",0,0,0,0,0
"at://did:plc:zpwka3ky6phhcwmwor4tu5xj/app.bsky.feed.post/3mwebb7j4lh2g",1,"Cluster 1","canonical_unique_text",3,0,1,0,4
"at://did:plc:vmkx7lvcmmcoiycsz4wqwioq/app.bsky.feed.post/3mweaxo7c6r2l",1,"Cluster 1","canonical_unique_text",0,0,0,0,0
"at://did:plc:jlf6u3amiq5qgpwtiyedp7os/app.bsky.feed.post/3mweawlj6vh2n",1,"Cluster 1","mapped_duplicate_text",0,0,0,0,0
"at://did:plc:vfkgai5jc5dldaecojwhji5u/app.bsky.feed.post/3mweatbt3ej2d",1,"Cluster 1","canonical_unique_text",0,0,0,0,0
"at://did:plc:bfmlb2jbmqbki3tyupxenxhj/app.bsky.feed.post/3mwearmvhps2e",1,"Cluster 1","canonical_unique_text",14,6,0,0,20
"at://did:plc:b3b5vf7s7llarq47ukvw5q7y/app.bsky.feed.post/3mwea4xo72222",1,"Cluster 1","canonical_unique_text",0,0,0,0,0
"at://did:plc:ce2opm4iomopu4by5w6dtjzr/app.bsky.feed.post/3mwea4fk5jc2l",1,"Cluster 1","canonical_unique_text",1,0,1,0,2
"at://did:plc:sycz22ye52cejfu4zsftv3ad/app.bsky.feed.post/3mwe7ysqboz26",1,"Cluster 1","canonical_unique_text",0,0,0,0,0
"at://did:plc:sycz22ye52cejfu4zsftv3ad/app.bsky.feed.post/3mwe7ysn7tn2l",1,"Cluster 1","canonical_unique_text",0,0,0,0,0
"at://did:plc:sycz22ye52cejfu4zsftv3ad/app.bsky.feed.post/3mwe7ys56ei2d",1,"Cluster 1","canonical_unique_text",0,0,0,0,0
"at://did:plc:sycz22ye52cejfu4zsftv3ad/app.bsky.feed.post/3mwe7yry54t2q",1,"Cluster 1","canonical_unique_text",0,0,0,0,0
"at://did:plc:jv2krsxoplvdqu6dz2sxv53r/app.bsky.feed.post/3mwe7seves22o",1,"Cluster 1","canonical_unique_text",3,1,0,0,4
"at://did:plc:spexcfbsyw76bcpol4qwlgw7/app.bsky.feed.post/3mwe7izzlrk2w",1,"Cluster 1","canonical_unique_text",1,0,0,0,1
"at://did:plc:uqlcuhjqgveqjwjw7oysa3yy/app.bsky.feed.post/3mwe76digmn2u",1,"Cluster 1","canonical_unique_text",2,1,0,0,3
"at://did:plc:aw73ow63dupg6rihlqapbwtl/app.bsky.feed.post/3mwe6zozlls2p",1,"Cluster 1","canonical_unique_text",1,0,0,0,1
"at://did:plc:qsvgari3qounucry55xydwmb/app.bsky.feed.post/3mwe6vqogqc2i",1,"Cluster 1","canonical_unique_text",0,0,1,0,1
"at://did:plc:m2qbdvh3bhhvnb5tfkwe22sp/app.bsky.feed.post/3mwe6oiqzf22i",1,"Cluster 1","canonical_unique_text",1,0,0,0,1
"at://did:plc:qlqfq3wnq4yl4xfr2nsol3v2/app.bsky.feed.post/3mwe6mhez2c27",1,"Cluster 1","canonical_unique_text",1,0,1,0,2
"at://did:plc:3m26i2yonn2pv7cbpgg6hrjj/app.bsky.feed.post/3mwe66o7r3s27",1,"Cluster 1","canonical_unique_text",5,7,1,1,14
"at://did:plc:klr4ecork6dfm3e7q22rblzk/app.bsky.feed.post/3mwe64veyvk2x",1,"Cluster 1","canonical_unique_text",2,0,0,0,2
"at://did:plc:b3dzd3xgi4xiivllinrclszk/app.bsky.feed.post/3mwe5xpntq22d",1,"Cluster 1","canonical_unique_text",13,1,3,0,17
"at://did:plc:rbs6pvtczhqywnp733jlngzo/app.bsky.feed.post/3mwe5wey5lc2y",1,"Cluster 1","canonical_unique_text",5,0,1,0,6
"at://did:plc:nuja7gj263dcmpaxwhh6iglv/app.bsky.feed.post/3mwe5toimzs2a",4,"Cluster 4","canonical_unique_text",0,0,0,0,0
"at://did:plc:b2l7wxqjiuw4uprjxvkore7p/app.bsky.feed.post/3mwe5s5hnqib2",1,"Cluster 1","canonical_unique_text",0,0,0,0,0
"at://did:plc:rrfsy7upxelwmqgb32nq536y/app.bsky.feed.post/3mwe5ffad622l",1,"Cluster 1","canonical_unique_text",0,0,0,0,0
"at://did:plc:tjkf72eavmuufsg25i63by5r/app.bsky.feed.post/3mwe5d5rbzr2s",1,"Cluster 1","canonical_unique_text",0,0,1,0,1
"at://did:plc:vpvwhqnohk7fqzvu7ceohrdi/app.bsky.feed.post/3mwe4w5kork25",1,"Cluster 1","canonical_unique_text",0,0,0,0,0
"at://did:plc:tev4h3tjxv4f4dtazzcxtd77/app.bsky.feed.post/3mwe4tqa67c2k",1,"Cluster 1","canonical_unique_text",0,0,0,0,0
"at://did:plc:u67jpu3qsz6rikmjz55nzagq/app.bsky.feed.post/3mwe4swernc23",1,"Cluster 1","canonical_unique_text",0,0,0,0,0
"at://did:plc:ohcsb6tjornk4ybhvw4ibivg/app.bsky.feed.post/3mwe4nkjqvc2o",1,"Cluster 1","canonical_unique_text",0,0,0,0,0
"at://did:plc:7fbln3nxbfqhrvphnofy5b47/app.bsky.feed.post/3mwe4kzn3y222",1,"Cluster 1","canonical_unique_text",0,0,1,0,1
"at://did:plc:a6r52ta5azdbgndmyhbzsaaw/app.bsky.feed.post/3mwe4dawohcp2",1,"Cluster 1","canonical_unique_text",1,0,0,0,1
"at://did:plc:ewm2hjikmv3euyymqzmp3azi/app.bsky.feed.post/3mwe45uztos2r",1,"Cluster 1","canonical_unique_text",0,0,0,0,0
"at://did:plc:iwrw7y7v6t65d63ntdb4ortu/app.bsky.feed.post/3mwe3u5txds2a",1,"Cluster 1","canonical_unique_text",0,0,0,0,0
"at://did:plc:mkkst2gqxd7lshicqvgbaqh2/app.bsky.feed.post/3mwe3nagkiv24",1,"Cluster 1","canonical_unique_text",0,0,0,0,0
"at://did:plc:puitjlyorhg4ao2qcfx2xkze/app.bsky.feed.post/3mwe3mpiqzy2j",1,"Cluster 1","canonical_unique_text",2,0,0,0,2
"at://did:plc:zu3fzcgohgngggpxxpnlnls6/app.bsky.feed.post/3mwe3ii2xfc2s",1,"Cluster 1","canonical_unique_text",0,0,0,0,0
"at://did:plc:lp3i3dhu4kdbp6ynsrcy75ra/app.bsky.feed.post/3mwe3f5yo7c22",1,"Cluster 1","canonical_unique_text",1,0,2,0,3
"at://did:plc:m3uw5pmlruz5a5iye3tydkdt/app.bsky.feed.post/3mwe3aew4cc2m",1,"Cluster 1","canonical_unique_text",2,1,0,0,3
